CB_NO,AGE,CASE NUMBER,ARREST LOCATION,City,ARREST DATE,ARRESTED TIME,RACE,8-4-010(Disorderly conduct)
19964622,33,JD247735,200 S STATE ST,Chicago,2020-05-30,2:50 PM,BLACK,8-4-010(F)
19964640,20,JD247735,200 S STATE ST,Chicago,2020-05-30,3:10 PM,WHITE,8-4-010(F)
19965137,30,JD247809,220 S STATE ST,Chicago,2020-05-30,10:30 PM,UNKNOWN / REFUSED,8-4-010(F)
19964434,22,JD247213,557 S STATE ST,Chicago,2020-05-30,12:10 AM,WHITE HISPANIC,8-4-010(F)
19964539,18,JD247213,557 S STATE ST,Chicago,2020-05-30,12:10 AM,BLACK,8-4-010(F)
19964509,21,JD247213,600 S STATE ST,Chicago,2020-05-30,12:10 AM,BLACK,8-4-010(F)
19964524,37,JD247213,600 S STATE ST,Chicago,2020-05-30,12:10 AM,BLACK,8-4-010(F)
19964410,24,JD247213,557 S STATE ST,Chicago,2020-05-30,12:10 AM,BLACK,8-4-010(F)
19964479,28,JD247213,600 S STATE ST,Chicago,2020-05-30,12:10 AM,BLACK,8-4-010(F)
19964508,30,JD247213,557 S STATE ST,Chicago,2020-05-30,12:10 AM,WHITE,8-4-010(F)
19964526,24,JD247213,557 S STATE ST,Chicago,2020-05-30,12:10 AM,WHITE HISPANIC,8-4-010(F)
19964486,30,JD247213,600 S STATE ST,Chicago,2020-05-30,12:10 AM,BLACK,8-4-010(F)
19965231,35,JD247809,230 S STATE ST,Chicago,2020-05-30,12:10 AM,UNKNOWN / REFUSED,8-4-010(F)
19964525,22,JD247213,557 S STATE ST,Chicago,2020-05-30,12:10 AM,WHITE HISPANIC,8-4-010(F)
19964485,25,JD247213,557 S STATE ST,Chicago,2020-05-30,12:10 AM,BLACK,8-4-010(F)
19965176,19,JD247809,600 S STATE ST,Chicago,2020-05-30,12:10 AM,BLACK,8-4-010(F)
19964511,29,JD247213,557 S STATE ST,Chicago,2020-05-30,12:10 AM,BLACK,8-4-010(F)
19964477,22,JD247213,600 S STATE ST,Chicago,2020-05-30,12:10 AM,BLACK,8-4-010(F)
19964537,18,JD247213,557 S STATE ST,Chicago,2020-05-30,12:10 AM,WHITE,8-4-010(F)
19965212,23,JD247213,600 S STATE ST,Chicago,2020-05-30,12:10 AM,WHITE,8-4-010(F)
19965031,19,JD247809,600 S STATE ST,Chicago,2020-05-30,12:10 AM,UNKNOWN / REFUSED,8-4-010(F)
19965236,23,JD247213,600 S STATE ST,Chicago,2020-05-30,12:10 AM,WHITE HISPANIC,8-4-010(F)
19964419,30,JD247177,600 S STATE ST,Chicago,2020-05-30,12:10 AM,BLACK,8-4-010(F)
19964444,23,JD247213,557 S STATE ST,Chicago,2020-05-30,12:10 AM,BLACK,8-4-010(F)
19964538,28,JD247213,557 S STATE ST,Chicago,2020-05-30,12:10 AM,BLACK,8-4-010(F)
19964402,21,JD247213,557 S STATE ST,Chicago,2020-05-30,12:30 AM,BLACK,8-4-010(F)
19964454,18,,600 S PLYMOUTH CT,Chicago,2020-05-30,12:30 AM,WHITE HISPANIC,8-4-010(F)
19964435,20,,233 S STATE ST,Chicago,2020-05-30,12:45 AM,WHITE,8-4-010(F)
19964396,25,,55 E MONROE ST,Chicago,2020-05-30,12:45 AM,BLACK,8-4-010(F)
19964483,23,JD247213,557 S STATE ST,Chicago,2020-05-30,1:00 AM,BLACK,8-4-010(F)
19964489,21,JD247213,510 S STATE ST,Chicago,2020-05-30,1:18 AM,BLACK,8-4-010(F)
19964404,36,JD247213,600 S STATE ST,Chicago,2020-05-30,1:30 AM,WHITE HISPANIC,8-4-010(F)
19964417,22,JD247177,312 S WABASH AVE,Chicago,2020-05-30,1:45 AM,BLACK,8-4-010(F)
19964460,26,JD247171,10 E 8TH ST,Chicago,2020-05-30,2:00 AM,BLACK,8-4-010(F)
19964406,33,,2 W WASHINGTON ST,Chicago,2020-05-30,2:00 AM,BLACK,8-4-010(F)
19964459,43,JD247213,600 S STATE ST,Chicago,2020-05-30,2:00 AM,BLACK,8-4-010(F)
19964438,19,JD247171,10 E 8TH ST,Chicago,2020-05-30,2:00 AM,BLACK,8-4-010(F)
19964431,25,JD247213,300 S STATE ST,Chicago,2020-05-30,2:30 AM,BLACK,8-4-010(F)
19964474,24,JD247213,300 S STATE ST,Chicago,2020-05-30,2:30 AM,WHITE HISPANIC,8-4-010(F)
19964490,18,JD247213,300 S STATE ST,Chicago,2020-05-30,2:30 AM,WHITE HISPANIC,8-4-010(F)
19964515,22,JD247213,557 S STATE ST,Chicago,2020-05-30,2:30 AM,WHITE HISPANIC,8-4-010(F)
19964401,34,JD247213,243 S WABASH AVE,Chicago,2020-05-30,2:30 AM,BLACK,8-4-010(F)
19964433,20,JD247213,557 S STATE ST,Chicago,2020-05-30,2:30 AM,WHITE HISPANIC,8-4-010(F)
19964471,22,JD247213,300 S STATE ST,Chicago,2020-05-30,2:30 AM,WHITE,8-4-010(F)
19964422,23,JD247177,300 S STATE ST,Chicago,2020-05-30,2:30 AM,BLACK,8-4-010(F)
19964588,32,JD340000,100 S DEARBORN ST,Chicago,2020-05-30,3:28 PM,WHITE HISPANIC,8-4-010(F)
19964584,25,JD340000,100 S DEARBORN ST,Chicago,2020-05-30,3:28 PM,WHITE,8-4-010(F)
19965223,20,JD247809,230 S STATE ST,Chicago,2020-05-30,3:30 PM,BLACK,8-4-010(F)
19965358,20,JD247809,401 N WABASH AVE,Chicago,2020-05-30,3:30 PM,UNKNOWN / REFUSED,8-4-010(F)
19965145,19,JD247809,401 N WABASH AVE,Chicago,2020-05-30,3:30 PM,BLACK,8-4-010(F)
19965356,18,JD247809,401 N WABASH AVE,Chicago,2020-05-30,3:30 PM,BLACK,8-4-010(F)
19965203,25,JD247213,6730 S WABASH AVE,Chicago,2020-05-30,3:30 PM,UNKNOWN / REFUSED,8-4-010(F)
19965127,22,JD247809,401 N WABASH AVE,Chicago,2020-05-30,3:30 PM,BLACK,8-4-010(F)
19965270,24,JD247809,401 N WABASH AVE,Chicago,2020-05-30,3:30 PM,BLACK,8-4-010(F)
19965325,23,JD247809,401 N WABASH AVE,Chicago,2020-05-30,3:30 PM,BLACK,8-4-010(F)
19965104,22,JD247809,230 S STATE ST,Chicago,2020-05-30,3:30 PM,BLACK,8-4-010(F)
19965323,31,JD247809,401 N WABASH AVE,Chicago,2020-05-30,3:30 PM,UNKNOWN / REFUSED,8-4-010(F)
19965202,26,JD247809,230 S STATE ST,Chicago,2020-05-30,3:30 PM,BLACK,8-4-010(F)
19965113,19,JD247809,401 N WABASH AVE,Chicago,2020-05-30,3:30 PM,BLACK,8-4-010(F)
19965166,33,JD247809,416 N STATE ST,Chicago,2020-05-30,3:30 PM,BLACK,8-4-010(F)
19965028,37,JD247809,230 S STATE ST,Chicago,2020-05-30,3:30 PM,BLACK,8-4-010(F)
19965294,29,JD247809,401 N WABASH AVE,Chicago,2020-05-30,3:30 PM,BLACK,8-4-010(F)
19965229,19,JD247809,401 N WABASH AVE,Chicago,2020-05-30,3:30 PM,UNKNOWN / REFUSED,8-4-010(F)
19965096,29,JD247809,6 E MONROE ST,Chicago,2020-05-30,3:40 PM,BLACK,8-4-010(F)
19965062,27,JD247809,401 N WABASH AVE,Chicago,2020-05-30,3:40 PM,BLACK,8-4-010(F)
19965082,30,JD247809,401 N WABASH AVE,Chicago,2020-05-30,3:40 PM,BLACK,8-4-010(F)
19965074,25,JD247809,401 N WABASH AVE,Chicago,2020-05-30,3:40 PM,BLACK HISPANIC,8-4-010(F)
19964702,20,JD247809,400 N STATE ST,Chicago,2020-05-30,4:00 PM,WHITE HISPANIC,8-4-010(F)
19964717,26,,400 N STATE ST,Chicago,2020-05-30,4:00 PM,BLACK,8-4-010(F)
19964635,22,JD247809,401 N WABASH AVE,Chicago,2020-05-30,4:00 PM,WHITE,8-4-010(F)
19964689,49,JD247809,401 N WABASH AVE,Chicago,2020-05-30,4:00 PM,BLACK,8-4-010(F)
19965056,19,JD247809,401 N WABASH AVE,Chicago,2020-05-30,4:00 PM,UNKNOWN / REFUSED,8-4-010(F)
19964679,24,JD247809,401 N WABASH AVE,Chicago,2020-05-30,4:00 PM,BLACK,8-4-010(F)
19964637,28,JD247809,401 N WABASH AVE,Chicago,2020-05-30,4:00 PM,BLACK,8-4-010(F)
19964709,41,JD247809,401 N WABASH AVE,Chicago,2020-05-30,4:00 PM,WHITE,8-4-010(F)
19964799,32,JD247809,401 N WABASH AVE,Chicago,2020-05-30,4:00 PM,WHITE,8-4-010(F)
19964645,20,JD247809,1 W KINZIE ST,Chicago,2020-05-30,4:00 PM,WHITE HISPANIC,8-4-010(F)
19964703,18,JD247809,401 N WABASH AVE,Chicago,2020-05-30,4:00 PM,BLACK,8-4-010(F)
19964791,22,JD247809,401 N WABASH AVE,Chicago,2020-05-30,4:00 PM,WHITE HISPANIC,8-4-010(F)
19964660,24,,400 N STATE ST,Chicago,2020-05-30,4:00 PM,BLACK,8-4-010(F)
19964762,19,,400 N STATE ST,Chicago,2020-05-30,4:00 PM,WHITE HISPANIC,8-4-010(F)
19964647,19,JD247809,401 N WABASH AVE,Chicago,2020-05-30,4:00 PM,WHITE,8-4-010(F)
19965035,20,JD247809,401 N WABASH AVE,Chicago,2020-05-30,4:00 PM,UNKNOWN / REFUSED,8-4-010(F)
19964678,30,JD247809,401 N WABASH AVE,Chicago,2020-05-30,4:00 PM,BLACK,8-4-010(F)
19964708,20,JD247809,215 S STATE ST,Chicago,2020-05-30,4:00 PM,WHITE,8-4-010(F)
19965010,21,JD247809,401 N WABASH AVE,Chicago,2020-05-30,4:00 PM,WHITE HISPANIC,8-4-010(F)
19964699,21,JD247809,401 N WABASH AVE,Chicago,2020-05-30,4:00 PM,WHITE,8-4-010(F)
19964644,20,JD247809,1 W KINZIE ST,Chicago,2020-05-30,4:00 PM,BLACK,8-4-010(F)
19964707,27,JD247809,401 N WABASH AVE,Chicago,2020-05-30,4:00 PM,WHITE HISPANIC,8-4-010(F)
19964687,26,JD247809,401 N WABASH AVE,Chicago,2020-05-30,4:00 PM,BLACK,8-4-010(F)
19964681,27,,1 W KINZIE ST,Chicago,2020-05-30,4:00 PM,WHITE HISPANIC,8-4-010(F)
19964730,25,,400 N STATE ST,Chicago,2020-05-30,4:00 PM,WHITE HISPANIC,8-4-010(F)
19964662,28,JD247809,401 N WABASH AVE,Chicago,2020-05-30,4:00 PM,BLACK,8-4-010(F)
19964685,22,JD247809,401 N WABASH AVE,Chicago,2020-05-30,4:00 PM,WHITE,8-4-010(F)
19964663,20,JD247809,401 N WABASH AVE,Chicago,2020-05-30,4:00 PM,ASIAN / PACIFIC ISLANDER,8-4-010(F)
19964658,25,JD247809,401 N WABASH AVE,Chicago,2020-05-30,4:00 PM,BLACK,8-4-010(F)
19964776,25,JD247809,401 N WABASH AVE,Chicago,2020-05-30,4:00 PM,BLACK,8-4-010(F)
19964649,42,JD247809,400 N STATE ST,Chicago,2020-05-30,4:01 PM,WHITE,8-4-010(F)
19964623,21,JD247809,100 N STATE ST,Chicago,2020-05-30,4:15 PM,BLACK,8-4-010(F)
19964710,18,JD247809,100 N STATE ST,Chicago,2020-05-30,4:15 PM,BLACK HISPANIC,8-4-010(F)
19964769,38,JD247809,100 N STATE ST,Chicago,2020-05-30,4:15 PM,WHITE,8-4-010(F)
19964631,27,JD247809,100 N STATE ST,Chicago,2020-05-30,4:15 PM,BLACK,8-4-010(F)
19964639,27,JD247809,401 N WABASH AVE,Chicago,2020-05-30,4:15 PM,BLACK,8-4-010(F)
19964817,32,JD247809,100 N STATE ST,Chicago,2020-05-30,4:15 PM,WHITE,8-4-010(F)
19964626,18,JD247809,100 N STATE ST,Chicago,2020-05-30,4:30 PM,BLACK,8-4-010(F)
19964741,30,JD247809,401 N WABASH AVE,Chicago,2020-05-30,5:00 PM,BLACK,8-4-010(F)
19964659,24,JD247809,400 N STATE ST,Chicago,2020-05-30,5:00 PM,BLACK,8-4-010(F)
19964628,22,JD247809,401 N WABASH AVE,Chicago,2020-05-30,5:00 PM,WHITE,8-4-010(F)
19964726,27,JD247809,401 N WABASH AVE,Chicago,2020-05-30,5:00 PM,WHITE HISPANIC,8-4-010(F)
19964613,34,JD247809,401 N WABASH AVE,Chicago,2020-05-30,5:00 PM,BLACK,8-4-010(F)
19964749,26,JD247809,401 N WABASH AVE,Chicago,2020-05-30,5:00 PM,WHITE,8-4-010(F)
19964615,26,JD247809,401 N WABASH AVE,Chicago,2020-05-30,5:00 PM,WHITE,8-4-010(F)
19964620,22,JD247809,401 N WABASH AVE,Chicago,2020-05-30,5:00 PM,BLACK,8-4-010(F)
19964743,21,JD247809,401 N WABASH AVE,Chicago,2020-05-30,5:00 PM,WHITE,8-4-010(F)
19964723,23,JD247809,401 N WABASH AVE,Chicago,2020-05-30,5:00 PM,WHITE HISPANIC,8-4-010(F)
19964632,24,JD247809,401 N WABASH AVE,Chicago,2020-05-30,5:00 PM,BLACK,8-4-010(F)
19964746,39,JD247809,401 N WABASH AVE,Chicago,2020-05-30,5:00 PM,BLACK,8-4-010(F)
19964625,22,,401 N WABASH AVE,Chicago,2020-05-30,5:00 PM,BLACK,8-4-010(F)
19964721,18,JD247809,401 N WABASH AVE,Chicago,2020-05-30,5:00 PM,WHITE,8-4-010(F)
19964634,28,JD247809,401 N WABASH AVE,Chicago,2020-05-30,5:00 PM,WHITE,8-4-010(F)
19964727,18,JD247809,401 N WABASH AVE,Chicago,2020-05-30,5:00 PM,WHITE HISPANIC,8-4-010(F)
19964690,30,JD247809,401 N WABASH AVE,Chicago,2020-05-30,5:05 PM,WHITE,8-4-010(F)
19964655,33,JD247809,401 N WABASH AVE,Chicago,2020-05-30,5:05 PM,WHITE,8-4-010(F)
19964735,20,JD247809,401 N WABASH AVE,Chicago,2020-05-30,5:05 PM,WHITE,8-4-010(F)
19964792,33,JD247809,400 N STATE ST,Chicago,2020-05-30,5:05 PM,WHITE,8-4-010(F)
19964729,19,JD247809,401 N WABASH AVE,Chicago,2020-05-30,5:05 PM,WHITE HISPANIC,8-4-010(F)
19964686,25,JD247809,401 N WABASH AVE,Chicago,2020-05-30,5:10 PM,UNKNOWN / REFUSED,8-4-010(F)
19964698,29,JD247809,401 N WABASH AVE,Chicago,2020-05-30,5:10 PM,UNKNOWN / REFUSED,8-4-010(F)
19964651,21,JD247809,401 N WABASH AVE,Chicago,2020-05-30,5:10 PM,UNKNOWN / REFUSED,8-4-010(F)
19964688,20,JD247809,401 N WABASH AVE,Chicago,2020-05-30,5:10 PM,WHITE HISPANIC,8-4-010(F)
19964684,26,JD247809,401 N WABASH AVE,Chicago,2020-05-30,5:10 PM,WHITE HISPANIC,8-4-010(F)
19964704,27,JD247809,401 N WABASH AVE,Chicago,2020-05-30,5:10 PM,UNKNOWN / REFUSED,8-4-010(F)
19964693,27,JD247809,401 N WABASH AVE,Chicago,2020-05-30,5:10 PM,UNKNOWN / REFUSED,8-4-010(F)
19964668,25,JD247809,401 N WABASH AVE,Chicago,2020-05-30,5:10 PM,WHITE HISPANIC,8-4-010(F)
19964676,26,JD247809,401 N WABASH AVE,Chicago,2020-05-30,5:10 PM,WHITE HISPANIC,8-4-010(F)
19964701,26,JD247809,401 N WABASH AVE,Chicago,2020-05-30,5:10 PM,UNKNOWN / REFUSED,8-4-010(F)
19964643,23,JD247809,401 N WABASH AVE,Chicago,2020-05-30,6:00 PM,WHITE HISPANIC,8-4-010(F)
19964653,21,JD247809,401 N WABASH AVE,Chicago,2020-05-30,6:00 PM,WHITE,8-4-010(F)
19964713,22,JD247809,400 N STATE ST,Chicago,2020-05-30,6:00 PM,UNKNOWN / REFUSED,8-4-010(F)
19964734,19,JD247809,400 N STATE ST,Chicago,2020-05-30,6:00 PM,UNKNOWN / REFUSED,8-4-010(F)
19964670,41,,1 W KINZIE ST,Chicago,2020-05-30,7:00 PM,UNKNOWN / REFUSED,8-4-010(F)
19964661,31,,1 W KINZIE ST,Chicago,2020-05-30,7:00 PM,UNKNOWN / REFUSED,8-4-010(F)
19964733,18,JD247809,221 S STATE ST,Chicago,2020-05-30,7:30 PM,BLACK,8-4-010(F)
19964855,21,JD247809,340 N STATE ST,Chicago,2020-05-30,7:30 PM,BLACK,8-4-010(F)
19964859,21,JD247809,340 N STATE ST,Chicago,2020-05-30,7:30 PM,BLACK,8-4-010(F)
19964705,35,JD247809,1 E MONROE ST,Chicago,2020-05-30,7:30 PM,BLACK,8-4-010(F)
19964866,25,JD247809,340 N STATE ST,Chicago,2020-05-30,7:30 PM,WHITE,8-4-010(F)
19964722,25,JD247809,400 N STATE ST,Chicago,2020-05-30,7:55 PM,BLACK,8-4-010(F)
19964751,28,JD247809,400 N STATE ST,Chicago,2020-05-30,7:55 PM,BLACK,8-4-010(F)
19964715,20,JD247809,400 N STATE ST,Chicago,2020-05-30,7:55 PM,WHITE,8-4-010(F)
19964758,26,JD247809,400 N STATE ST,Chicago,2020-05-30,7:55 PM,WHITE,8-4-010(F)
19964738,27,JD247809,400 N STATE ST,Chicago,2020-05-30,7:55 PM,ASIAN / PACIFIC ISLANDER,8-4-010(F)
19965146,34,JD247809,230 S STATE ST,Chicago,2020-05-30,8:00 PM,BLACK,8-4-010(F)
19964960,25,JD247809,230 S STATE ST,Chicago,2020-05-30,8:00 PM,BLACK,8-4-010(F)
19965126,19,JD247809,220 S STATE ST,Chicago,2020-05-30,8:00 PM,WHITE HISPANIC,8-4-010(F)
19964682,22,JD247809,230 S STATE ST,Chicago,2020-05-30,8:00 PM,BLACK,8-4-010(F)
19964695,22,JD247809,230 S STATE ST,Chicago,2020-05-30,8:00 PM,WHITE,8-4-010(F)
19964742,20,JD247809,400 N STATE ST,Chicago,2020-05-30,8:00 PM,WHITE,8-4-010(F)
19965009,25,JD247809,230 S STATE ST,Chicago,2020-05-30,8:00 PM,BLACK,8-4-010(F)
19964714,24,JD247809,120 S STATE ST,Chicago,2020-05-30,8:00 PM,BLACK,8-4-010(F)
19964718,36,JD247809,100 S STATE ST,Chicago,2020-05-30,8:00 PM,BLACK,8-4-010(F)
19965070,19,JD247809,230 S STATE ST,Chicago,2020-05-30,8:00 PM,ASIAN / PACIFIC ISLANDER,8-4-010(F)
19964697,18,JD247809,230 S STATE ST,Chicago,2020-05-30,8:00 PM,BLACK,8-4-010(F)
19964720,18,JD247809,230 S STATE ST,Chicago,2020-05-30,8:00 PM,WHITE HISPANIC,8-4-010(F)
19964828,23,JD247809,120 S STATE ST,Chicago,2020-05-30,8:00 PM,WHITE,8-4-010(F)
19965059,28,JD247809,230 S STATE ST,Chicago,2020-05-30,8:00 PM,BLACK,8-4-010(F)
19964677,18,JD247809,230 S STATE ST,Chicago,2020-05-30,8:00 PM,BLACK,8-4-010(F)
19964654,27,JD247809,230 S STATE ST,Chicago,2020-05-30,8:00 PM,WHITE,8-4-010(F)
19964706,22,JD247809,120 S STATE ST,Chicago,2020-05-30,8:00 PM,BLACK,8-4-010(F)
19964711,27,JD247809,400 N STATE ST,Chicago,2020-05-30,8:00 PM,WHITE,8-4-010(F)
19964745,24,JD247809,230 S STATE ST,Chicago,2020-05-30,8:00 PM,BLACK,8-4-010(F)
19964724,22,JD247809,100 S STATE ST,Chicago,2020-05-30,8:25 PM,BLACK,8-4-010(F)
19964899,19,JD247809,220 S STATE ST,Chicago,2020-05-30,8:30 PM,WHITE HISPANIC,8-4-010(F)
19964737,24,JD247809,120 S STATE ST,Chicago,2020-05-30,8:30 PM,WHITE HISPANIC,8-4-010(F)
19964771,21,JD247809,220 S STATE ST,Chicago,2020-05-30,9:00 PM,BLACK,8-4-010(F)
19964808,21,JD247809,230 S STATE ST,Chicago,2020-05-30,9:00 PM,BLACK,8-4-010(F)
19964775,32,JD247809,220 S STATE ST,Chicago,2020-05-30,9:00 PM,BLACK,8-4-010(F)
19964826,20,JD247809,220 S STATE ST,Chicago,2020-05-30,9:00 PM,WHITE,8-4-010(F)
19964873,21,JD247809,230 S STATE ST,Chicago,2020-05-30,9:00 PM,WHITE,8-4-010(F)
19964773,20,JD247809,220 S STATE ST,Chicago,2020-05-30,9:00 PM,BLACK,8-4-010(F)
19964880,26,JD247809,220 S STATE ST,Chicago,2020-05-30,9:00 PM,BLACK,8-4-010(F)
19964777,20,JD247809,220 S STATE ST,Chicago,2020-05-30,9:00 PM,UNKNOWN / REFUSED,8-4-010(F)
19965098,27,JD247809,220 S STATE ST,Chicago,2020-05-30,9:00 PM,BLACK,8-4-010(F)
19964781,23,JD247809,220 S STATE ST,Chicago,2020-05-30,9:00 PM,BLACK,8-4-010(F)
19964972,36,JD247809,220 S STATE ST,Chicago,2020-05-30,9:00 PM,BLACK,8-4-010(F)
19964865,34,JD247809,230 S STATE ST,Chicago,2020-05-30,9:00 PM,BLACK,8-4-010(F)
19964757,29,JD247809,120 S STATE ST,Chicago,2020-05-30,9:00 PM,BLACK,8-4-010(F)
19964883,29,JD247809,230 S STATE ST,Chicago,2020-05-30,9:00 PM,BLACK,8-4-010(F)
19964785,22,JD247809,220 S STATE ST,Chicago,2020-05-30,9:30 PM,BLACK,8-4-010(F)
19964833,30,JD247809,220 S STATE ST,Chicago,2020-05-30,9:30 PM,BLACK,8-4-010(F)
19964877,22,JD247809,220 S STATE ST,Chicago,2020-05-30,9:30 PM,BLACK,8-4-010(F)
19964868,34,JD247809,220 S STATE ST,Chicago,2020-05-30,9:30 PM,BLACK,8-4-010(F)
19964867,25,JD247809,220 S STATE ST,Chicago,2020-05-30,9:30 PM,BLACK,8-4-010(F)
19964934,45,JD247809,220 S STATE ST,Chicago,2020-05-30,9:30 PM,UNKNOWN / REFUSED,8-4-010(F)
19964766,24,JD247809,220 S STATE ST,Chicago,2020-05-30,9:30 PM,BLACK,8-4-010(F)
19964794,33,,220 S STATE ST,Chicago,2020-05-30,9:30 PM,BLACK,8-4-010(F)
19964955,18,JD247809,220 S STATE ST,Chicago,2020-05-30,9:30 PM,BLACK,8-4-010(F)
19964959,19,JD247809,220 S STATE ST,Chicago,2020-05-30,9:30 PM,BLACK,8-4-010(F)
19964949,23,JD247809,220 S STATE ST,Chicago,2020-05-30,9:30 PM,BLACK,8-4-010(F)
19964862,24,JD247809,220 S STATE ST,Chicago,2020-05-30,9:30 PM,BLACK,8-4-010(F)
19964800,25,,220 S STATE ST,Chicago,2020-05-30,9:30 PM,WHITE HISPANIC,8-4-010(F)
19965131,32,JD247809,220 S STATE ST,Chicago,2020-05-30,9:30 PM,BLACK,8-4-010(F)
19964942,39,,220 S STATE ST,Chicago,2020-05-30,9:30 PM,BLACK,8-4-010(F)
19964872,20,JD247809,220 S STATE ST,Chicago,2020-05-30,9:30 PM,UNKNOWN / REFUSED,8-4-010(F)
19964793,22,JD247809,220 S STATE ST,Chicago,2020-05-30,9:30 PM,BLACK,8-4-010(F)
19964809,21,JD247809,220 S STATE ST,Chicago,2020-05-30,9:30 PM,WHITE HISPANIC,8-4-010(F)
19964848,31,JD247809,220 S STATE ST,Chicago,2020-05-30,9:30 PM,BLACK,8-4-010(F)
19964803,29,JD247809,220 S STATE ST,Chicago,2020-05-30,9:30 PM,WHITE HISPANIC,8-4-010(F)
19965078,23,JD247809,108 E WALTON ST,Chicago,2020-05-30,10:15 PM,BLACK,8-4-010(F)
19964900,21,JD247809,220 S STATE ST,Chicago,2020-05-30,10:30 PM,WHITE HISPANIC,8-4-010(F)
19964819,18,JD247809,220 S STATE ST,Chicago,2020-05-30,10:30 PM,BLACK,8-4-010(F)
19964870,25,JD247809,220 S STATE ST,Chicago,2020-05-30,10:30 PM,BLACK,8-4-010(F)
19965171,21,JD247809,220 S STATE ST,Chicago,2020-05-30,10:59 PM,BLACK,8-4-010(F)
19965109,20,,220 S STATE ST,Chicago,2020-05-30,11:00 PM,WHITE HISPANIC,8-4-010(F)
19965055,20,JD247809,343 S DEARBORN ST,Chicago,2020-05-30,11:30 PM,BLACK,8-4-010(F)
19964950,22,JD247809,343 S DEARBORN ST,Chicago,2020-05-30,11:30 PM,WHITE HISPANIC,8-4-010(F)
19964939,21,JD247809,343 S DEARBORN ST,Chicago,2020-05-30,11:30 PM,BLACK,8-4-010(F)
19964923,21,JD247809,343 S DEARBORN ST,Chicago,2020-05-30,11:30 PM,BLACK,8-4-010(F)
19965019,33,JD247809,800 N MICHIGAN AVE,Chicago,2020-05-30,11:32 PM,BLACK,8-4-010(F)
19965555,28,JD248840,49 W 112TH ST,Chicago,2020-05-31,3:55 PM,BLACK,8-4-010(F)
19965416,20,JD248566,2700 N NARRAGANSETT AVE,Chicago,2020-05-31,3:20 PM,WHITE HISPANIC,8-4-010(F)
19965536,27,JD248566,5300 S LAKE PARK AVE,Chicago,2020-05-31,7:15 PM,BLACK,8-4-010(F)
19965398,44,JD248948,8650 S STONY ISLAND AVE,Chicago,2020-05-31,3:41 PM,BLACK,8-4-010(F)
19965708,19,JD249164,1537 W HADDON AVE,Chicago,2020-05-31,9:56 PM,BLACK,8-4-010(F)
19965730,30,,409 E 103RD ST,Chicago,2020-05-31,11:20 PM,BLACK,8-4-010(F)
19965740,29,JD249133,501 E 79TH ST,Chicago,2020-05-31,10:51 PM,BLACK,8-4-010(F)
19965473,21,JD248898,5558 W NORTH AVE,Chicago,2020-05-31,6:00 PM,BLACK,8-4-010(F)
19965888,19,JD249239,431 N STATE ST,Chicago,2020-05-31,8:36 AM,WHITE,8-4-010(F)
19965355,27,JD248566,2944 W 47TH ST,Chicago,2020-05-31,3:24 PM,BLACK,8-4-010(F)
19965688,22,JD248566,7045 S PULASKI RD,Chicago,2020-05-31,3:47 PM,BLACK,8-4-010(F)
19965753,35,JD248566,11610 S MARSHFIELD AVE,Chicago,2020-05-31,5:30 PM,BLACK,8-4-010(F)
19965797,19,JD247809,1261 N DEARBORN ST,Chicago,2020-05-31,9:00 PM,WHITE,8-4-010(F)
19965644,38,JD248566,6714 S WESTERN AVE,Chicago,2020-05-31,8:45 PM,BLACK,8-4-010(F)
19965809,27,JD248566,6499 S WESTERN AVE,Chicago,2020-05-31,9:48 PM,BLACK,8-4-010(F)
19965819,35,JD248566,3500 W 63RD ST,Chicago,2020-05-31,11:00 PM,BLACK,8-4-010(F)
19965157,21,JD247809,1718 S STATE ST,Chicago,2020-05-31,12:00 AM,WHITE HISPANIC,8-4-010(F)
19965173,24,JD247809,343 S DEARBORN ST,Chicago,2020-05-31,12:00 AM,BLACK,8-4-010(F)
19965152,30,JD247809,343 S DEARBORN ST,Chicago,2020-05-31,12:00 AM,BLACK,8-4-010(F)
19965316,22,JD247809,600 S STATE ST,Chicago,2020-05-31,12:10 AM,BLACK,8-4-010(F)
19965320,30,JD247809,401 N WABASH AVE,Chicago,2020-05-31,12:10 AM,BLACK,8-4-010(F)
19965363,32,JD247213,401 N WABASH AVE,Chicago,2020-05-31,12:10 AM,BLACK,8-4-010(F)
19965389,20,JD247213,600 S STATE ST,Chicago,2020-05-31,12:10 AM,BLACK,8-4-010(F)
19965370,19,JD247809,401 N WABASH AVE,Chicago,2020-05-31,12:10 AM,WHITE,8-4-010(F)
19965191,19,JD247809,600 S STATE ST,Chicago,2020-05-31,12:10 AM,BLACK,8-4-010(F)
19965255,29,JD247809,401 N WABASH AVE,Chicago,2020-05-31,12:10 AM,BLACK,8-4-010(F)
19965288,19,JD247809,401 N WABASH AVE,Chicago,2020-05-31,12:10 AM,BLACK,8-4-010(F)
19965350,19,JD247809,401 N WABASH AVE,Chicago,2020-05-31,12:10 AM,UNKNOWN / REFUSED,8-4-010(F)
19965159,32,JD247809,600 S STATE ST,Chicago,2020-05-31,12:10 AM,UNKNOWN / REFUSED,8-4-010(F)
19965211,28,JD247809,600 S STATE ST,Chicago,2020-05-31,12:10 AM,UNKNOWN / REFUSED,8-4-010(F)
19965254,27,JD247809,401 N WABASH AVE,Chicago,2020-05-31,12:10 AM,BLACK,8-4-010(F)
19965307,20,JD247213,401 N WABASH AVE,Chicago,2020-05-31,12:10 AM,BLACK,8-4-010(F)
19965354,20,JD247213,401 N WABASH AVE,Chicago,2020-05-31,12:10 AM,BLACK,8-4-010(F)
19965105,46,JD247809,600 S STATE ST,Chicago,2020-05-31,12:10 AM,BLACK,8-4-010(F)
19965321,21,JD247809,401 N WABASH AVE,Chicago,2020-05-31,12:10 AM,BLACK,8-4-010(F)
19965300,26,JD247809,401 N WABASH AVE,Chicago,2020-05-31,12:10 AM,BLACK,8-4-010(F)
19965120,19,JD247809,600 S STATE ST,Chicago,2020-05-31,12:10 AM,UNKNOWN / REFUSED,8-4-010(F)
19965258,38,JD247213,401 N WABASH AVE,Chicago,2020-05-31,12:10 AM,BLACK,8-4-010(F)
19965121,22,JD247309,11 E WALTON ST,Chicago,2020-05-31,12:25 AM,BLACK,8-4-010(F)
19965007,26,JD247809,58 E ADAMS ST,Chicago,2020-05-31,12:45 AM,BLACK,8-4-010(F)
19965190,18,JD247213,600 S STATE ST,Chicago,2020-05-31,1:00 AM,WHITE HISPANIC,8-4-010(F)
19965233,33,JD247809,401 N WABASH AVE,Chicago,2020-05-31,1:00 AM,BLACK,8-4-010(F)
19965083,19,JD247809,600 N DEARBORN ST,Chicago,2020-05-31,1:00 AM,BLACK,8-4-010(F)
19965348,21,JD247809,401 N WABASH AVE,Chicago,2020-05-31,1:00 AM,BLACK,8-4-010(F)
19965217,36,JD247809,600 S STATE ST,Chicago,2020-05-31,1:00 AM,BLACK,8-4-010(F)
19965318,19,JD247809,401 N WABASH AVE,Chicago,2020-05-31,1:00 AM,WHITE HISPANIC,8-4-010(F)
19965297,28,JD247809,401 N WABASH AVE,Chicago,2020-05-31,1:00 AM,BLACK,8-4-010(F)
19965222,23,JD247809,122 S MICHIGAN AVE,Chicago,2020-05-31,1:00 AM,BLACK,8-4-010(F)
19965245,20,JD247809,401 N WABASH AVE,Chicago,2020-05-31,1:00 AM,BLACK,8-4-010(F)
19965088,21,JD247809,600 N MICHIGAN AVE,Chicago,2020-05-31,1:00 AM,BLACK,8-4-010(F)
19965043,29,JD247809,122 N MICHIGAN AVE,Chicago,2020-05-31,1:02 AM,WHITE HISPANIC,8-4-010(F)
19965046,19,JD247809,401 N WABASH AVE,Chicago,2020-05-31,1:12 AM,UNKNOWN / REFUSED,8-4-010(F)
19965269,31,JD247809,230 S STATE ST,Chicago,2020-05-31,1:29 AM,BLACK,8-4-010(F)
19965309,31,JD247809,230 S STATE ST,Chicago,2020-05-31,1:29 AM,WHITE,8-4-010(F)
19964940,19,JD247809,230 S STATE ST,Chicago,2020-05-31,1:29 AM,WHITE HISPANIC,8-4-010(F)
19965299,22,JD247809,230 S STATE ST,Chicago,2020-05-31,1:29 AM,BLACK,8-4-010(F)
19965134,40,JD247809,230 S STATE ST,Chicago,2020-05-31,1:29 AM,BLACK,8-4-010(F)
19965227,26,JD247809,230 S STATE ST,Chicago,2020-05-31,1:29 AM,BLACK,8-4-010(F)
19964997,21,JD247809,230 S STATE ST,Chicago,2020-05-31,1:29 AM,BLACK,8-4-010(F)
19964926,18,JD247809,230 S STATE ST,Chicago,2020-05-31,1:29 AM,BLACK HISPANIC,8-4-010(F)
19965287,19,JD247809,230 S STATE ST,Chicago,2020-05-31,1:29 AM,BLACK,8-4-010(F)
19965181,22,JD247809,230 S STATE ST,Chicago,2020-05-31,1:29 AM,BLACK,8-4-010(F)
19965195,24,JD247809,230 S STATE ST,Chicago,2020-05-31,1:29 AM,WHITE,8-4-010(F)
19965241,22,JD247809,401 N WABASH AVE,Chicago,2020-05-31,1:29 AM,WHITE,8-4-010(F)
19965275,19,JD247809,401 N WABASH AVE,Chicago,2020-05-31,1:29 AM,BLACK,8-4-010(F)
19965040,20,JD247809,230 S STATE ST,Chicago,2020-05-31,1:29 AM,BLACK,8-4-010(F)
19965247,49,JD247809,230 S STATE ST,Chicago,2020-05-31,1:29 AM,BLACK,8-4-010(F)
19965304,25,JD247809,401 N WABASH AVE,Chicago,2020-05-31,1:29 AM,BLACK,8-4-010(F)
19964995,24,JD247809,230 S STATE ST,Chicago,2020-05-31,1:29 AM,WHITE,8-4-010(F)
19964971,24,JD247809,230 S STATE ST,Chicago,2020-05-31,1:29 AM,BLACK,8-4-010(F)
19965054,21,JD247809,230 S STATE ST,Chicago,2020-05-31,1:29 AM,WHITE HISPANIC,8-4-010(F)
19965001,18,JD247809,230 S STATE ST,Chicago,2020-05-31,1:29 AM,BLACK,8-4-010(F)
19964963,31,JD247809,230 S STATE ST,Chicago,2020-05-31,1:29 AM,BLACK,8-4-010(F)
19965143,27,JD247809,230 S STATE ST,Chicago,2020-05-31,1:29 AM,WHITE HISPANIC,8-4-010(F)
19964962,23,JD247809,230 S STATE ST,Chicago,2020-05-31,1:29 AM,BLACK,8-4-010(F)
19965193,23,JD247809,122 S MICHIGAN AVE,Chicago,2020-05-31,1:29 AM,BLACK,8-4-010(F)
19965053,20,JD247809,230 S STATE ST,Chicago,2020-05-31,1:29 AM,WHITE,8-4-010(F)
19965216,19,JD247809,343 S DEARBORN ST,Chicago,2020-05-31,2:00 AM,BLACK HISPANIC,8-4-010(F)
19965068,42,JD247809,100 W LAKE ST,Chicago,2020-05-31,2:00 AM,BLACK,8-4-010(F)
19965110,47,JD247809,100 W LAKE ST,Chicago,2020-05-31,2:00 AM,BLACK,8-4-010(F)
19965235,21,JD247809,343 S DEARBORN ST,Chicago,2020-05-31,2:00 AM,BLACK,8-4-010(F)
19965196,24,JD247809,343 S DEARBORN ST,Chicago,2020-05-31,2:00 AM,BLACK,8-4-010(F)
19965284,30,JD247809,343 S DEARBORN ST,Chicago,2020-05-31,2:00 AM,BLACK,8-4-010(F)
19965228,26,JD247809,343 S DEARBORN ST,Chicago,2020-05-31,2:00 AM,BLACK,8-4-010(F)
19965260,25,JD247809,343 S DEARBORN ST,Chicago,2020-05-31,2:00 AM,BLACK,8-4-010(F)
19965423,27,JD247809,401 N WABASH AVE,Chicago,2020-05-31,2:01 AM,BLACK,8-4-010(F)
19965206,32,JD247809,230 S STATE ST,Chicago,2020-05-31,2:29 AM,BLACK,8-4-010(F)
19965008,25,JD247809,45 E CHICAGO AVE,Chicago,2020-05-31,2:30 AM,BLACK,8-4-010(F)
19965259,27,JD247809,933 S STATE ST,Chicago,2020-05-31,2:30 AM,WHITE HISPANIC,8-4-010(F)
19965230,18,JD247809,230 S STATE ST,Chicago,2020-05-31,2:30 AM,WHITE,8-4-010(F)
19965047,26,JD247809,661 N CLARK ST,Chicago,2020-05-31,2:45 AM,BLACK,8-4-010(F)
19965085,23,JD247809,1718 S STATE ST,Chicago,2020-05-31,3:00 AM,BLACK,8-4-010(F)
19965158,21,JD247809,401 N WABASH AVE,Chicago,2020-05-31,3:00 AM,BLACK,8-4-010(F)
19965161,20,JD247809,401 N WABASH AVE,Chicago,2020-05-31,3:00 AM,WHITE HISPANIC,8-4-010(F)
19965164,32,JD247809,401 N WABASH AVE,Chicago,2020-05-31,3:00 AM,BLACK,8-4-010(F)
19965150,18,JD247809,750 N RUSH ST,Chicago,2020-05-31,3:13 AM,BLACK,8-4-010(F)
19965189,20,JD247809,401 N WABASH AVE,Chicago,2020-05-31,3:15 AM,BLACK,8-4-010(F)
19965292,31,JD247809,401 N WABASH AVE,Chicago,2020-05-31,3:15 AM,BLACK,8-4-010(F)
19965256,36,JD247809,401 N WABASH AVE,Chicago,2020-05-31,3:15 AM,BLACK,8-4-010(F)
19965123,21,JD247809,750 N RUSH ST,Chicago,2020-05-31,3:15 AM,BLACK,8-4-010(F)
19965289,45,JD247809,401 N WABASH AVE,Chicago,2020-05-31,3:15 AM,BLACK,8-4-010(F)
19965305,41,JD247809,401 N WABASH AVE,Chicago,2020-05-31,3:15 AM,BLACK,8-4-010(F)
19965272,47,JD247809,401 N WABASH AVE,Chicago,2020-05-31,3:15 AM,WHITE HISPANIC,8-4-010(F)
19965197,25,JD247809,401 N WABASH AVE,Chicago,2020-05-31,3:15 AM,BLACK,8-4-010(F)
19965090,19,JD247809,6 E MONROE ST,Chicago,2020-05-31,4:08 AM,BLACK,8-4-010(F)
19965101,27,JD247809,801 S STATE ST,Chicago,2020-05-31,5:01 AM,BLACK,8-4-010(F)
19965220,35,JD248284,11 E 75TH ST,Chicago,2020-05-31,5:15 AM,BLACK,8-4-010(F)
19965201,20,JD248284,11 E 75TH ST,Chicago,2020-05-31,5:15 AM,BLACK,8-4-010(F)
19965291,23,JD247809,401 N WABASH AVE,Chicago,2020-05-31,5:37 AM,BLACK,8-4-010(F)
19965133,27,JD247809,401 N WABASH AVE,Chicago,2020-05-31,5:37 AM,BLACK,8-4-010(F)
19965183,30,JD247809,401 N WABASH AVE,Chicago,2020-05-31,5:37 AM,BLACK,8-4-010(F)
19965094,20,JD247809,401 N WABASH AVE,Chicago,2020-05-31,5:37 AM,WHITE HISPANIC,8-4-010(F)
19965194,20,JD247809,401 N WABASH AVE,Chicago,2020-05-31,5:37 AM,BLACK,8-4-010(F)
19965207,25,JD247809,401 N WABASH AVE,Chicago,2020-05-31,5:37 AM,BLACK,8-4-010(F)
19965198,29,JD247809,401 N WABASH AVE,Chicago,2020-05-31,5:37 AM,BLACK,8-4-010(F)
19965167,28,JD247809,401 N WABASH AVE,Chicago,2020-05-31,5:37 AM,BLACK,8-4-010(F)
19965060,29,JD247809,401 N WABASH AVE,Chicago,2020-05-31,5:37 AM,BLACK,8-4-010(F)
19965188,20,JD247809,401 N WABASH AVE,Chicago,2020-05-31,5:37 AM,BLACK,8-4-010(F)
19965286,22,JD247809,401 N WABASH AVE,Chicago,2020-05-31,5:37 AM,WHITE HISPANIC,8-4-010(F)
19965172,34,JD247809,401 N WABASH AVE,Chicago,2020-05-31,5:37 AM,BLACK,8-4-010(F)
19965293,19,JD247809,401 N WABASH AVE,Chicago,2020-05-31,5:37 AM,BLACK,8-4-010(F)
19965277,22,JD247809,401 N WABASH AVE,Chicago,2020-05-31,5:37 AM,WHITE HISPANIC,8-4-010(F)
19965271,19,JD247809,401 N WABASH AVE,Chicago,2020-05-31,5:37 AM,WHITE HISPANIC,8-4-010(F)
19965117,25,JD247809,401 N WABASH AVE,Chicago,2020-05-31,5:37 AM,BLACK,8-4-010(F)
19965178,18,JD247809,401 N WABASH AVE,Chicago,2020-05-31,5:37 AM,BLACK,8-4-010(F)
19965165,31,JD247809,401 N WABASH AVE,Chicago,2020-05-31,5:37 AM,WHITE HISPANIC,8-4-010(F)
19965182,21,JD247809,401 N WABASH AVE,Chicago,2020-05-31,5:37 AM,BLACK,8-4-010(F)
19965209,34,JD247809,401 N WABASH AVE,Chicago,2020-05-31,5:37 AM,BLACK,8-4-010(F)
19965170,30,JD247809,401 N WABASH AVE,Chicago,2020-05-31,5:37 AM,BLACK,8-4-010(F)
19965248,51,JD248566,1118 S CANAL ST,Chicago,2020-05-31,10:15 AM,BLACK,8-4-010(F)
19965257,22,JD247809,26 S STATE ST,Chicago,2020-05-31,10:20 AM,BLACK,8-4-010(F)
19965562,36,JD248566,100 E 111TH ST,Chicago,2020-05-31,1:50 PM,BLACK,8-4-010(F)
19965581,30,JD248566,100 E 111TH ST,Chicago,2020-05-31,1:50 PM,BLACK,8-4-010(F)
19965886,36,JD248566,2700 N NARRAGANSETT AVE,Chicago,2020-05-31,2:00 PM,ASIAN / PACIFIC ISLANDER,8-4-010(F)
19965833,51,JD248566,10300 S DR MARTIN LUTHER KING JR DR,Chicago,2020-05-31,2:00 PM,BLACK,8-4-010(F)
19965818,25,JD248566,10300 S DR MARTIN LUTHER KING JR DR,Chicago,2020-05-31,2:00 PM,BLACK,8-4-010(F)
19965317,29,JD248566,343 S DEARBORN ST,Chicago,2020-05-31,2:20 PM,BLACK,8-4-010(F)
19965478,19,JD248566,4700 S WESTERN AVE,Chicago,2020-05-31,2:30 PM,BLACK,8-4-010(F)
19965527,21,JD248566,4700 S WESTERN AVE,Chicago,2020-05-31,2:30 PM,WHITE HISPANIC,8-4-010(F)
19965487,18,JD248566,4700 S WESTERN AVE,Chicago,2020-05-31,2:30 PM,BLACK,8-4-010(F)
19965490,20,JD248566,4700 S WESTERN AVE,Chicago,2020-05-31,2:30 PM,BLACK,8-4-010(F)
19965313,41,JD248566,1322 E 53RD ST,Chicago,2020-05-31,2:34 PM,BLACK,8-4-010(F)
19965322,26,JD248466,5125 S PULASKI RD,Chicago,2020-05-31,2:50 PM,WHITE HISPANIC,8-4-010(F)
19965371,23,JD248566,2410 W 106TH ST,Chicago,2020-05-31,2:52 PM,BLACK,8-4-010(F)
19965342,26,JD248566,2420 W 106TH ST,Chicago,2020-05-31,2:52 PM,BLACK,8-4-010(F)
19965341,20,JD248566,2700 N NARRAGANSETT AVE,Chicago,2020-05-31,3:00 PM,BLACK,8-4-010(F)
19965454,25,JD248566,2700 N NARRAGANSETT AVE,Chicago,2020-05-31,3:00 PM,BLACK,8-4-010(F)
19965329,18,JD248566,2700 N NARRAGANSETT AVE,Chicago,2020-05-31,3:00 PM,BLACK,8-4-010(F)
19965368,23,JD248566,2508 W 63RD ST,Chicago,2020-05-31,3:00 PM,WHITE HISPANIC,8-4-010(F)
19965346,28,JD248566,2700 N NARRAGANSETT AVE,Chicago,2020-05-31,3:00 PM,BLACK,8-4-010(F)
19965422,18,JD248566,4821 W NORTH AVE,Chicago,2020-05-31,3:00 PM,BLACK,8-4-010(F)
19965373,18,JD248566,2700 N NARRAGANSETT AVE,Chicago,2020-05-31,3:00 PM,BLACK,8-4-010(F)
19965376,29,JD248566,4442 W NORTH AVE,Chicago,2020-05-31,3:11 PM,BLACK,8-4-010(F)
19965397,22,JD248566,4442 W NORTH AVE,Chicago,2020-05-31,3:11 PM,BLACK,8-4-010(F)
19965450,20,JD248566,1601 N CICERO AVE,Chicago,2020-05-31,3:11 PM,BLACK,8-4-010(F)
19965417,29,JD248566,4800 W LE MOYNE ST,Chicago,2020-05-31,3:11 PM,BLACK,8-4-010(F)
19965415,39,JD248566,2600 N NARRAGANSETT AVE,Chicago,2020-05-31,3:11 PM,BLACK,8-4-010(F)
19965641,35,JD248566,11610 S MARSHFIELD AVE,Chicago,2020-05-31,3:20 PM,BLACK,8-4-010(F)
19965374,30,JD248566,4666 S HALSTED ST,Chicago,2020-05-31,3:28 PM,BLACK,8-4-010(F)
19965476,30,JD248566,2650 N NARRAGANSETT AVE,Chicago,2020-05-31,3:30 PM,BLACK,8-4-010(F)
19965352,51,JD248566,150 E PERSHING RD,Chicago,2020-05-31,3:30 PM,BLACK,8-4-010(F)
19965351,20,JD248566,6400 W FULLERTON AVE,Chicago,2020-05-31,3:30 PM,WHITE HISPANIC,8-4-010(F)
19965383,34,JD248566,729 W 98TH ST,Chicago,2020-05-31,3:40 PM,BLACK,8-4-010(F)
19965357,52,JD248566,1622 W MONTEREY AVE,Chicago,2020-05-31,3:40 PM,BLACK,8-4-010(F)
19965392,31,JD248566,729 W 98TH ST,Chicago,2020-05-31,3:40 PM,BLACK,8-4-010(F)
19965693,21,JD248566,7045 S PULASKI RD,Chicago,2020-05-31,3:47 PM,BLACK,8-4-010(F)
19965684,24,JD248566,7045 S PULASKI RD,Chicago,2020-05-31,3:47 PM,BLACK,8-4-010(F)
19965690,18,JD248566,7045 S PULASKI RD,Chicago,2020-05-31,3:47 PM,BLACK,8-4-010(F)
19965388,22,JD248566,419 E 103RD ST,Chicago,2020-05-31,3:47 PM,BLACK,8-4-010(F)
19965695,21,JD248566,7045 S PULASKI RD,Chicago,2020-05-31,3:47 PM,BLACK,8-4-010(F)
19965379,25,JD248566,419 E 103RD ST,Chicago,2020-05-31,3:47 PM,BLACK,8-4-010(F)
19965697,20,JD248566,7045 S PULASKI RD,Chicago,2020-05-31,3:47 PM,BLACK,8-4-010(F)
19965698,26,JD248566,7045 S PULASKI RD,Chicago,2020-05-31,3:47 PM,BLACK,8-4-010(F)
19965381,31,JD248566,11610 S MARSHFIELD AVE,Chicago,2020-05-31,3:47 PM,BLACK,8-4-010(F)
19965365,21,JD248566,6258 S DAMEN AVE,Chicago,2020-05-31,3:55 PM,BLACK,8-4-010(F)
19965414,20,JD248566,1500 N CICERO AVE,Chicago,2020-05-31,4:00 PM,BLACK,8-4-010(F)
19965402,19,JD248566,4800 S ASHLAND AVE,Chicago,2020-05-31,4:00 PM,WHITE HISPANIC,8-4-010(F)
19965411,20,JD248566,4800 S ASHLAND AVE,Chicago,2020-05-31,4:00 PM,WHITE HISPANIC,8-4-010(F)
19965399,25,JD248566,4853 W NORTH AVE,Chicago,2020-05-31,4:05 PM,BLACK,8-4-010(F)
19965420,28,JD248566,6255 S SEELEY AVE,Chicago,2020-05-31,4:10 PM,BLACK,8-4-010(F)
19965814,29,JD248566,11112 S HALSTED ST,Chicago,2020-05-31,4:14 PM,BLACK,8-4-010(F)
19965746,24,JD248566,11112 S HALSTED ST,Chicago,2020-05-31,4:14 PM,BLACK,8-4-010(F)
19965533,28,JD248566,11112 S HALSTED ST,Chicago,2020-05-31,4:14 PM,BLACK,8-4-010(F)
19965829,40,JD248566,1732 W 119TH ST,Chicago,2020-05-31,4:14 PM,BLACK,8-4-010(F)
19965963,25,JD248566,11112 S HALSTED ST,Chicago,2020-05-31,4:14 PM,BLACK,8-4-010(F)
19965472,22,JD248566,4700 S KEDZIE AVE,Chicago,2020-05-31,4:15 PM,BLACK,8-4-010(F)
19965429,31,JD248566,1600 N CICERO AVE,Chicago,2020-05-31,4:20 PM,BLACK,8-4-010(F)
19965439,22,JD248566,1600 N CICERO AVE,Chicago,2020-05-31,4:20 PM,BLACK,8-4-010(F)
19965816,26,JD248566,11128 S HALSTED ST,Chicago,2020-05-31,4:22 PM,BLACK,8-4-010(F)
19965629,37,JD248566,11128 S HALSTED ST,Chicago,2020-05-31,4:22 PM,BLACK HISPANIC,8-4-010(F)
19965516,25,JD248566,1128 S HALSTED ST,Chicago,2020-05-31,4:22 PM,BLACK,8-4-010(F)
19965642,26,JD248566,11128 S HALSTED ST,Chicago,2020-05-31,4:22 PM,BLACK,8-4-010(F)
19965728,41,JD248566,11128 S HALSTED ST,Chicago,2020-05-31,4:22 PM,BLACK,8-4-010(F)
19965710,27,JD248566,11128 S HALSTED ST,Chicago,2020-05-31,4:22 PM,BLACK,8-4-010(F)
19965385,22,JD248566,1616 W 63RD ST,Chicago,2020-05-31,4:30 PM,BLACK,8-4-010(F)
19965434,25,JD248566,4650 W NORTH AVE,Chicago,2020-05-31,4:30 PM,BLACK,8-4-010(F)
19965404,26,JD248566,4650 W NORTH AVE,Chicago,2020-05-31,4:30 PM,WHITE HISPANIC,8-4-010(F)
19965465,37,JD248566,10344 S HALSTED ST,Chicago,2020-05-31,4:30 PM,BLACK,8-4-010(F)
19965455,36,JD248566,10344 S HALSTED ST,Chicago,2020-05-31,4:30 PM,BLACK,8-4-010(F)
19965469,26,JD248566,1539 E 53RD ST,Chicago,2020-05-31,4:30 PM,BLACK,8-4-010(F)
19965461,32,JD248566,1539 E 53RD ST,Chicago,2020-05-31,4:30 PM,BLACK,8-4-010(F)
19965401,27,JD248566,1539 E 53RD ST,Chicago,2020-05-31,4:30 PM,BLACK,8-4-010(F)
19965459,24,JD248566,1539 E 53RD ST,Chicago,2020-05-31,4:30 PM,BLACK,8-4-010(F)
19965460,26,JD248566,1539 E 53RD ST,Chicago,2020-05-31,4:30 PM,WHITE,8-4-010(F)
19965386,33,JD248566,1616 W 63RD ST,Chicago,2020-05-31,4:30 PM,BLACK,8-4-010(F)
19965467,20,JD248566,1610 N CICERO AVE,Chicago,2020-05-31,4:34 PM,WHITE,8-4-010(F)
19965457,21,JD248566,5100 S HALSTED ST,Chicago,2020-05-31,4:38 PM,BLACK,8-4-010(F)
19965464,22,JD248566,5100 S ASHLAND AVE,Chicago,2020-05-31,4:38 PM,BLACK,8-4-010(F)
19965412,24,JD248566,4821 W NORTH AVE,Chicago,2020-05-31,4:40 PM,BLACK,8-4-010(F)
19965471,33,JD248566,4700 S HOYNE AVE,Chicago,2020-05-31,4:40 PM,BLACK,8-4-010(F)
19965394,30,JD248566,6300 S MARSHFIELD AVE,Chicago,2020-05-31,4:40 PM,BLACK,8-4-010(F)
19965445,30,JD248566,829 W 119TH ST,Chicago,2020-05-31,4:43 PM,BLACK,8-4-010(F)
19965407,46,JD248566,829 W 119TH ST,Chicago,2020-05-31,4:43 PM,BLACK,8-4-010(F)
19965449,38,JD248566,4835 W NORTH AVE,Chicago,2020-05-31,4:45 PM,BLACK,8-4-010(F)
19965408,49,JD248566,833 W 115TH ST,Chicago,2020-05-31,4:45 PM,BLACK,8-4-010(F)
19965424,25,JD248566,4835 W NORTH AVE,Chicago,2020-05-31,4:45 PM,BLACK,8-4-010(F)
19965442,37,JD248566,4835 W NORTH AVE,Chicago,2020-05-31,4:45 PM,BLACK,8-4-010(F)
19965443,23,JD248566,4835 W NORTH AVE,Chicago,2020-05-31,4:45 PM,BLACK,8-4-010(F)
19965431,27,JD248566,1616 W 63RD ST,Chicago,2020-05-31,4:50 PM,BLACK,8-4-010(F)
19965403,18,JD248566,4701 S ASHLAND AVE,Chicago,2020-05-31,4:50 PM,BLACK,8-4-010(F)
19965428,39,JD248566,1616 W 63RD ST,Chicago,2020-05-31,4:50 PM,BLACK,8-4-010(F)
19965432,27,JD248566,4821 W NORTH AVE,Chicago,2020-05-31,5:00 PM,BLACK,8-4-010(F)
19965441,21,JD248566,2701 N NARRAGANSETT AVE,Chicago,2020-05-31,5:20 PM,WHITE HISPANIC,8-4-010(F)
19965544,21,JD247809,3954 W MADISON ST,Chicago,2020-05-31,5:30 PM,BLACK,8-4-010(F)
19965433,20,JD248566,2635 N NARRAGANSETT AVE,Chicago,2020-05-31,5:30 PM,BLACK,8-4-010(F)
19965480,66,JD248566,5346 S HALSTED ST,Chicago,2020-05-31,5:30 PM,BLACK,8-4-010(F)
19965580,28,JD248566,2635 N NARRAGANSETT AVE,Chicago,2020-05-31,5:30 PM,BLACK,8-4-010(F)
19965586,23,JD247809,3954 W MADISON ST,Chicago,2020-05-31,5:30 PM,BLACK,8-4-010(F)
19965491,18,JD248566,5502 S RACINE AVE,Chicago,2020-05-31,5:30 PM,BLACK,8-4-010(F)
19965510,30,JD247809,3954 W MADISON ST,Chicago,2020-05-31,5:30 PM,BLACK,8-4-010(F)
19965619,24,JD247809,3954 W MADISON ST,Chicago,2020-05-31,5:30 PM,BLACK,8-4-010(F)
19965577,33,JD248920,2645 N ELSTON AVE,Chicago,2020-05-31,5:33 PM,BLACK,8-4-010(F)
19965448,44,JD248566,11622 S MAY ST,Chicago,2020-05-31,6:00 PM,BLACK,8-4-010(F)
19965419,37,JD248566,4812 W NORTH AVE,Chicago,2020-05-31,6:07 PM,BLACK,8-4-010(F)
19965506,20,JD248566,4433 S PULASKI RD,Chicago,2020-05-31,6:15 PM,WHITE HISPANIC,8-4-010(F)
19965532,32,JD248566,8850 S ASHLAND AVE,Chicago,2020-05-31,6:20 PM,BLACK,8-4-010(F)
19965446,25,JD248566,4748 W NORTH AVE,Chicago,2020-05-31,6:20 PM,WHITE HISPANIC,8-4-010(F)
19965430,30,JD248566,2702 N NARRAGANSETT AVE,Chicago,2020-05-31,6:23 PM,BLACK,8-4-010(F)
19965481,28,JD248566,4666 S HALSTED ST,Chicago,2020-05-31,6:30 PM,BLACK,8-4-010(F)
19965477,25,JD248566,4666 S HALSTED ST,Chicago,2020-05-31,6:30 PM,BLACK,8-4-010(F)
19965468,27,JD248566,5558 W NORTH AVE,Chicago,2020-05-31,6:30 PM,BLACK,8-4-010(F)
19965466,42,JD248566,5558 W NORTH AVE,Chicago,2020-05-31,6:40 PM,BLACK,8-4-010(F)
19965485,19,JD248566,5344 S ASHLAND AVE,Chicago,2020-05-31,6:41 PM,BLACK,8-4-010(F)
19965511,20,JD248566,2600 N NARRAGANSETT AVE,Chicago,2020-05-31,6:41 PM,BLACK,8-4-010(F)
19965504,31,JD248566,5558 W NORTH AVE,Chicago,2020-05-31,6:45 PM,BLACK,8-4-010(F)
19965495,22,JD248566,4053 W NORTH AVE,Chicago,2020-05-31,6:49 PM,BLACK,8-4-010(F)
19965475,22,JD248566,4053 W NORTH AVE,Chicago,2020-05-31,6:49 PM,BLACK,8-4-010(F)
19965537,26,JD248566,11102 S MICHIGAN AVE,Chicago,2020-05-31,7:00 PM,BLACK,8-4-010(F)
19965514,33,JD248566,11102 S MICHIGAN AVE,Chicago,2020-05-31,7:00 PM,BLACK,8-4-010(F)
19965552,37,JD248566,6316 S ASHLAND AVE,Chicago,2020-05-31,7:00 PM,BLACK,8-4-010(F)
19965524,21,JD248566,4700 S HOYNE AVE,Chicago,2020-05-31,7:15 PM,BLACK,8-4-010(F)
19965587,29,JD248566,4700 S HOYNE AVE,Chicago,2020-05-31,7:15 PM,BLACK,8-4-010(F)
19965582,18,JD248566,4700 S HOYNE AVE,Chicago,2020-05-31,7:15 PM,BLACK,8-4-010(F)
19965520,28,JD248566,4700 S HOYNE AVE,Chicago,2020-05-31,7:15 PM,BLACK,8-4-010(F)
19965589,29,JD248566,4700 S HOYNE AVE,Chicago,2020-05-31,7:15 PM,BLACK,8-4-010(F)
19965547,25,JD248566,11841 S OAKLEY AVE,Chicago,2020-05-31,7:15 PM,BLACK,8-4-010(F)
19965531,24,JD248566,4700 S HOYNE AVE,Chicago,2020-05-31,7:15 PM,BLACK,8-4-010(F)
19965590,28,JD248566,5300 S LAKE PARK AVE,Chicago,2020-05-31,7:20 PM,BLACK,8-4-010(F)
19965614,23,JD248566,11824 S OAKLEY AVE,Chicago,2020-05-31,7:20 PM,BLACK,8-4-010(F)
19965543,20,JD248566,4140 S PULASKI RD,Chicago,2020-05-31,7:25 PM,WHITE HISPANIC,8-4-010(F)
19965602,39,JD248566,1732 W 119TH ST,Chicago,2020-05-31,7:30 PM,BLACK,8-4-010(F)
19965616,23,JD248566,1732 W 119TH ST,Chicago,2020-05-31,7:30 PM,BLACK,8-4-010(F)
19965566,27,JD248566,5300 S LAKE PARK AVE,Chicago,2020-05-31,7:30 PM,BLACK,8-4-010(F)
19965550,23,JD248566,4700 S HOYNE AVE,Chicago,2020-05-31,7:30 PM,BLACK,8-4-010(F)
19965523,28,JD248566,1514 N CICERO AVE,Chicago,2020-05-31,7:30 PM,BLACK,8-4-010(F)
19965522,27,JD248566,5300 S LAKE PARK AVE,Chicago,2020-05-31,7:35 PM,BLACK,8-4-010(F)
19965874,37,JD248566,5300 S LAKE PARK AVE,Chicago,2020-05-31,7:35 PM,BLACK,8-4-010(F)
19965494,28,JD248566,4855 W NORTH AVE,Chicago,2020-05-31,7:43 PM,BLACK,8-4-010(F)
19965575,29,JD248566,1740 N KOSTNER AVE,Chicago,2020-05-31,7:45 PM,WHITE HISPANIC,8-4-010(F)
19965567,24,JD248566,833 W 115TH ST,Chicago,2020-05-31,7:45 PM,BLACK,8-4-010(F)
19965500,31,JD248566,4853 W NORTH AVE,Chicago,2020-05-31,7:49 PM,WHITE HISPANIC,8-4-010(F)
19965606,33,JD248964,3102 S ASHLAND AVE,Chicago,2020-05-31,7:50 PM,WHITE,8-4-010(F)
19965591,32,JD248964,3201 S ASHLAND AVE,Chicago,2020-05-31,7:50 PM,ASIAN / PACIFIC ISLANDER,8-4-010(F)
19965811,29,JD248566,11650 S MARSHFIELD AVE,Chicago,2020-05-31,7:50 PM,BLACK,8-4-010(F)
19965565,30,JD248566,4635 S WESTERN BLVD,Chicago,2020-05-31,7:55 PM,BLACK,8-4-010(F)
19965627,33,JD248566,125 N DEARBORN ST,Chicago,2020-05-31,7:55 PM,WHITE,8-4-010(F)
19965505,36,JD248566,4855 W NORTH AVE,Chicago,2020-05-31,7:55 PM,BLACK,8-4-010(F)
19965607,18,JD248566,4700 S HOYNE AVE,Chicago,2020-05-31,8:00 PM,BLACK,8-4-010(F)
19965664,27,JD248566,4301 W NORTH AVE,Chicago,2020-05-31,8:00 PM,BLACK,8-4-010(F)
19965608,45,JD248566,841 W 115TH ST,Chicago,2020-05-31,8:00 PM,BLACK,8-4-010(F)
19965559,19,JD248566,4030 W NORTH AVE,Chicago,2020-05-31,8:00 PM,BLACK,8-4-010(F)
19965612,26,JD248566,1611 N LATROBE AVE,Chicago,2020-05-31,8:06 PM,BLACK,8-4-010(F)
19965578,19,JD248566,4030 W NORTH AVE,Chicago,2020-05-31,8:06 PM,WHITE HISPANIC,8-4-010(F)
19965630,21,JD248999,1559 W ROOSEVELT RD,Chicago,2020-05-31,8:09 PM,BLACK,8-4-010(F)
19965681,26,JD248999,1501 W ROOSEVELT RD,Chicago,2020-05-31,8:10 PM,BLACK,8-4-010(F)
19965623,23,JD248999,1501 W ROOSEVELT RD,Chicago,2020-05-31,8:10 PM,BLACK,8-4-010(F)
19965662,24,JD248566,430 N CLARK ST,Chicago,2020-05-31,8:15 PM,WHITE HISPANIC,8-4-010(F)
19965658,20,JD248566,430 N CLARK ST,Chicago,2020-05-31,8:15 PM,WHITE,8-4-010(F)
19965663,19,JD248566,430 N CLARK ST,Chicago,2020-05-31,8:15 PM,WHITE HISPANIC,8-4-010(F)
19965624,25,JD248566,11858 S MARSHFIELD AVE,Chicago,2020-05-31,8:25 PM,BLACK,8-4-010(F)
19965714,44,JD248566,2000 W 47TH ST,Chicago,2020-05-31,8:30 PM,BLACK,8-4-010(F)
19965747,20,JD248566,2000 W 47TH ST,Chicago,2020-05-31,8:30 PM,BLACK,8-4-010(F)
19965757,33,JD248566,501 W ROOSEVELT RD,Chicago,2020-05-31,8:30 PM,WHITE,8-4-010(F)
19965615,47,JD248566,6301 S WENTWORTH AVE,Chicago,2020-05-31,8:30 PM,WHITE,8-4-010(F)
19965737,30,JD248566,2000 W 47TH ST,Chicago,2020-05-31,8:30 PM,BLACK,8-4-010(F)
19965605,23,JD248566,4821 W NORTH AVE,Chicago,2020-05-31,8:30 PM,BLACK,8-4-010(F)
19965892,24,JD247809,431 N STATE ST,Chicago,2020-05-31,8:36 PM,BLACK,8-4-010(F)
19965631,20,JD248566,790 W FULLERTON AVE,Chicago,2020-05-31,8:37 PM,WHITE,8-4-010(F)
19965611,22,JD248566,790 W FULLERTON AVE,Chicago,2020-05-31,8:37 PM,BLACK,8-4-010(F)
19965596,42,JD248566,645 N STATE ST,Chicago,2020-05-31,8:50 PM,WHITE HISPANIC,8-4-010(F)
19965765,30,JD247809,10 E GRAND AVE,Chicago,2020-05-31,9:00 PM,WHITE,8-4-010(F)
19965613,18,JD248566,4939 W NORTH AVE,Chicago,2020-05-31,9:00 PM,BLACK,8-4-010(F)
19965617,29,JD248566,4939 W NORTH AVE,Chicago,2020-05-31,9:00 PM,BLACK,8-4-010(F)
19965694,19,JD248566,2410 N LINCOLN AVE,Chicago,2020-05-31,9:00 PM,WHITE,8-4-010(F)
19965736,32,JD247809,528 N WABASH AVE,Chicago,2020-05-31,9:00 PM,WHITE,8-4-010(F)
19965645,18,JD248566,1700 N KOSTNER AVE,Chicago,2020-05-31,9:09 PM,WHITE HISPANIC,8-4-010(F)
19965621,20,JD248566,1700 N KOSTNER AVE,Chicago,2020-05-31,9:09 PM,BLACK HISPANIC,8-4-010(F)
19965628,26,JD248566,1700 N KOSTNER AVE,Chicago,2020-05-31,9:09 PM,WHITE HISPANIC,8-4-010(F)
19965745,24,JD248566,7601 S CICERO AVE,Chicago,2020-05-31,9:20 PM,WHITE HISPANIC,8-4-010(F)
19965748,23,JD248566,7601 S CICERO AVE,Chicago,2020-05-31,9:20 PM,WHITE,8-4-010(F)
19965815,18,JD248566,3857 S DR MARTIN LUTHER KING JR SD,Chicago,2020-05-31,9:30 PM,BLACK,8-4-010(F)
19965774,31,JD248566,3857 S DR MARTIN LUTHER KING JR DR,Chicago,2020-05-31,9:30 PM,BLACK,8-4-010(F)
19965791,23,JD248566,5103 S WESTERN AVE,Chicago,2020-05-31,9:30 PM,BLACK,8-4-010(F)
19965807,24,JD248566,3857 S DR MARTIN LUTHER KING JR SD,Chicago,2020-05-31,9:30 PM,BLACK,8-4-010(F)
19965832,40,JD248566,3857 S DR MARTIN LUTHER KING JR SD,Chicago,2020-05-31,9:30 PM,BLACK,8-4-010(F)
19965768,32,JD248566,3857 S DR MARTIN LUTHER KING JR DR,Chicago,2020-05-31,9:30 PM,BLACK,8-4-010(F)
19965822,32,JD248566,3857 S DR MARTIN LUTHER KING JR SD,Chicago,2020-05-31,9:30 PM,BLACK,8-4-010(F)
19965794,27,JD248566,5103 S WESTERN AVE,Chicago,2020-05-31,9:30 PM,BLACK,8-4-010(F)
19965830,32,JD248566,3857 S DR MARTIN LUTHER KING JR SD,Chicago,2020-05-31,9:30 PM,BLACK,8-4-010(F)
19965790,25,JD248566,3857 S DR MARTIN LUTHER KING JR DR,Chicago,2020-05-31,9:30 PM,BLACK,8-4-010(F)
19965636,55,JD248566,3954 W DIVISION ST,Chicago,2020-05-31,9:30 PM,WHITE HISPANIC,8-4-010(F)
19965709,18,JD248566,5103 S WESTERN AVE,Chicago,2020-05-31,9:31 PM,BLACK,8-4-010(F)
19965634,50,JD248566,4809 W NORTH AVE,Chicago,2020-05-31,9:35 PM,BLACK,8-4-010(F)
19965651,44,JD248566,4809 W NORTH AVE,Chicago,2020-05-31,9:35 PM,BLACK,8-4-010(F)
19965646,22,JD248566,4809 W NORTH AVE,Chicago,2020-05-31,9:35 PM,BLACK,8-4-010(F)
19965763,25,,3900 W MADISON ST,Chicago,2020-05-31,9:40 PM,BLACK,8-4-010(F)
19965733,51,,3900 W MADISON ST,Chicago,2020-05-31,9:40 PM,BLACK,8-4-010(F)
19965744,36,,3900 W MADISON ST,Chicago,2020-05-31,9:40 PM,BLACK,8-4-010(F)
19965767,35,,3900 W MADISON ST,Chicago,2020-05-31,9:40 PM,BLACK,8-4-010(F)
19965779,50,,3900 W MADISON ST,Chicago,2020-05-31,9:40 PM,BLACK,8-4-010(F)
19965732,39,JD248566,1600 N WELLS ST,Chicago,2020-05-31,9:45 PM,BLACK,8-4-010(F)
19965643,30,JD248566,4821 W NORTH AVE,Chicago,2020-05-31,9:45 PM,BLACK,8-4-010(F)
19965760,35,JD248566,1439 N WELLS ST,Chicago,2020-05-31,9:55 PM,BLACK,8-4-010(F)
19965655,22,JD248566,4700 S HOYNE AVE,Chicago,2020-05-31,10:00 PM,BLACK,8-4-010(F)
19965752,25,JD248566,1049 W OAKDALE AVE,Chicago,2020-05-31,10:00 PM,WHITE,8-4-010(F)
19965660,41,JD248566,5558 W NORTH AVE,Chicago,2020-05-31,10:10 PM,BLACK,8-4-010(F)
19965834,23,JD248566,11121 S MICHIGAN AVE,Chicago,2020-05-31,10:15 PM,BLACK,8-4-010(F)
19965813,24,JD248566,11121 S MICHIGAN AVE,Chicago,2020-05-31,10:15 PM,WHITE HISPANIC,8-4-010(F)
19965823,21,JD248566,11121 S MICHIGAN AVE,Chicago,2020-05-31,10:15 PM,BLACK,8-4-010(F)
19965692,25,JD248566,4817 W FULLERTON AVE,Chicago,2020-05-31,11:02 PM,BLACK,8-4-010(F)
19965683,23,JD248566,4817 W FULLERTON AVE,Chicago,2020-05-31,11:02 PM,BLACK,8-4-010(F)
19965707,31,JD248566,4311 W NORTH AVE,Chicago,2020-05-31,11:10 PM,WHITE HISPANIC,8-4-010(F)
19965838,28,JD248566,1502 N LARAMIE AVE,Chicago,2020-05-31,11:37 PM,BLACK,8-4-010(F)
19965866,23,JD248566,1502 N LARAMIE AVE,Chicago,2020-05-31,11:37 PM,BLACK,8-4-010(F)
19965918,28,JD248566,1502 N LARAMIE AVE,Chicago,2020-05-31,11:37 PM,BLACK,8-4-010(F)
19965861,22,JD248566,1502 N LARAMIE AVE,Chicago,2020-05-31,11:37 PM,BLACK,8-4-010(F)
19965853,23,JD248566,3951 W 103RD ST,Chicago,2020-05-31,11:41 PM,BLACK,8-4-010(F)
19965839,25,JD248566,3951 W 103RD ST,Chicago,2020-05-31,11:41 PM,BLACK,8-4-010(F)
19965846,25,JD248566,3951 W 103RD ST,Chicago,2020-05-31,11:41 PM,BLACK,8-4-010(F)
19965755,27,JD248566,4018 W NORTH AVE,Chicago,2020-05-31,11:55 PM,BLACK,8-4-010(F)
19965378,36,,1616 W 63RD ST,Chicago,2020-05-31,4:52 PM,BLACK,8-4-010(F)
19965824,33,JD249238,3201 S ASHLAND AVE,Chicago,2020-06-01,12:44 AM,WHITE HISPANIC,8-4-010(F)
19965835,19,JD249456,5434 W NORTH AVE,Chicago,2020-06-01,1:43 AM,BLACK,8-4-010(F)
19965873,19,JD249312,555 W ROOSEVELT RD,Chicago,2020-06-01,2:28 AM,BLACK,8-4-010(F)
19966487,47,JD250387,1145 W LELAND AVE,Chicago,2020-06-01,9:01 PM,BLACK,8-4-010(F)
19966022,50,JD249689,4799 W NORTH AVE,Chicago,2020-06-01,11:05 AM,BLACK,8-4-010(F)
19966148,31,JD250104,3940 W FULLERTON AVE,Chicago,2020-06-01,5:03 PM,WHITE HISPANIC,8-4-010(F)
19966449,20,JD249677,2100 N ELSTON AVE,Chicago,2020-06-01,11:50 PM,WHITE HISPANIC,8-4-010(F)
19965956,24,,4042 W MADISON ST,Chicago,2020-06-01,12:16 AM,BLACK,8-4-010(F)
19966413,35,JD249677,4700 S MICHIGAN AVE,Chicago,2020-06-01,10:56 PM,BLACK,8-4-010(F)
19965780,27,JD248566,3916 W FULLERTON AVE,Chicago,2020-06-01,12:10 AM,BLACK,8-4-010(F)
19965947,20,,4042 W MADISON ST,Chicago,2020-06-01,12:16 AM,BLACK,8-4-010(F)
19965920,36,,4042 W MADISON ST,Chicago,2020-06-01,12:16 AM,BLACK,8-4-010(F)
19965951,42,,4042 W MADISON ST,Chicago,2020-06-01,12:16 AM,BLACK,8-4-010(F)
19965924,21,,4042 W MADISON ST,Chicago,2020-06-01,12:16 AM,BLACK,8-4-010(F)
19965907,29,JD247809,4042 W HARRISON ST,Chicago,2020-06-01,12:16 AM,BLACK,8-4-010(F)
19965902,35,,4042 W MADISON ST,Chicago,2020-06-01,12:16 AM,WHITE,8-4-010(F)
19965894,24,,4042 W MADISON ST,Chicago,2020-06-01,12:16 AM,BLACK,8-4-010(F)
19965903,28,,4042 W MADISON ST,Chicago,2020-06-01,12:16 AM,BLACK,8-4-010(F)
19965897,19,JD247809,4042 W MADISON ST,Chicago,2020-06-01,12:16 AM,BLACK,8-4-010(F)
19965911,31,,4042 W MADISON ST,Chicago,2020-06-01,12:16 AM,BLACK,8-4-010(F)
19965928,31,,4042 W MADISON ST,Chicago,2020-06-01,12:16 AM,BLACK,8-4-010(F)
19965912,31,,4042 W MADISON ST,Chicago,2020-06-01,12:16 AM,BLACK,8-4-010(F)
19965908,31,JD247809,4042 W MADISON ST,Chicago,2020-06-01,12:16 AM,BLACK,8-4-010(F)
19965789,24,JD248566,5558 W NORTH AVE,Chicago,2020-06-01,12:30 AM,BLACK,8-4-010(F)
19965798,36,JD248566,5558 W NORTH AVE,Chicago,2020-06-01,12:30 AM,BLACK,8-4-010(F)
19965825,46,JD249238,3201 S ASHLAND AVE,Chicago,2020-06-01,12:44 AM,WHITE HISPANIC,8-4-010(F)
19965865,31,JD248566,1360 N PULASKI RD,Chicago,2020-06-01,12:45 AM,BLACK,8-4-010(F)
19965977,36,JD248566,1622 W MONTEREY AVE,Chicago,2020-06-01,12:45 AM,BLACK,8-4-010(F)
19965864,39,JD248566,1360 N PULASKI RD,Chicago,2020-06-01,12:45 AM,BLACK,8-4-010(F)
19965858,20,JD248566,1360 N PULASKI RD,Chicago,2020-06-01,12:45 AM,BLACK,8-4-010(F)
19965931,32,JD249332,4628 S DAMEN AVE,Chicago,2020-06-01,1:08 AM,BLACK,8-4-010(F)
19965927,34,JD249332,4628 S DAMEN AVE,Chicago,2020-06-01,1:08 AM,BLACK,8-4-010(F)
19965899,27,JD249332,4628 S DAMEN AVE,Chicago,2020-06-01,1:08 AM,BLACK,8-4-010(F)
19965845,29,JD248566,1506 S MICHIGAN AVE,Chicago,2020-06-01,1:18 AM,BLACK,8-4-010(F)
19965860,45,JD248566,344 E 63RD ST,Chicago,2020-06-01,1:23 AM,BLACK,8-4-010(F)
19965953,28,JD248566,11833 S WESTERN AVE,Chicago,2020-06-01,1:38 AM,BLACK,8-4-010(F)
19965948,27,JD248566,11833 S WESTERN AVE,Chicago,2020-06-01,1:38 AM,BLACK,8-4-010(F)
19965879,27,JD249307,3357 N PULASKI RD,Chicago,2020-06-01,2:13 AM,BLACK,8-4-010(F)
19965863,29,JD248566,3934 W DIVERSEY AVE,Chicago,2020-06-01,2:20 AM,BLACK,8-4-010(F)
19965922,21,JD249306,2100 N ELSTON AVE,Chicago,2020-06-01,2:26 AM,WHITE,8-4-010(F)
19965971,40,JD248566,1919 N CICERO AVE,Chicago,2020-06-01,2:30 AM,BLACK,8-4-010(F)
19965972,36,JD248566,1919 N CICERO AVE,Chicago,2020-06-01,2:34 AM,BLACK,8-4-010(F)
19965946,36,JD249360,4717 S ASHLAND AVE,Chicago,2020-06-01,2:55 AM,BLACK,8-4-010(F)
19965942,31,JD249360,4720 S ASHLAND AVE,Chicago,2020-06-01,2:58 AM,WHITE HISPANIC,8-4-010(F)
19965952,20,JD248566,1320 S CANAL ST,Chicago,2020-06-01,4:05 AM,BLACK,8-4-010(F)
19965932,19,JD248566,1320 S CANAL ST,Chicago,2020-06-01,4:05 AM,BLACK,8-4-010(F)
19965950,19,JD248566,1320 S CANAL ST,Chicago,2020-06-01,4:05 AM,BLACK,8-4-010(F)
19965917,26,JD248566,11833 S WESTERN AVE,Chicago,2020-06-01,4:10 AM,BLACK,8-4-010(F)
19965921,25,JD248566,11833 S WESTERN AVE,Chicago,2020-06-01,4:10 AM,BLACK,8-4-010(F)
19965945,27,JD248566,1638 W 95TH ST,Chicago,2020-06-01,4:15 AM,BLACK,8-4-010(F)
19965939,26,JD248566,1638 W 95TH ST,Chicago,2020-06-01,4:15 AM,BLACK,8-4-010(F)
19965949,26,JD248566,1633 W 95TH ST,Chicago,2020-06-01,4:15 AM,BLACK,8-4-010(F)
19966011,22,JD249677,6342 W SCHUBERT AVE,Chicago,2020-06-01,10:15 AM,WHITE HISPANIC,8-4-010(F)
19966019,24,JD249677,2650 N NARRAGANSETT AVE,Chicago,2020-06-01,10:30 AM,WHITE HISPANIC,8-4-010(F)
19966016,29,JD249677,2650 N NARRAGANSETT AVE,Chicago,2020-06-01,10:30 AM,WHITE HISPANIC,8-4-010(F)
19966024,35,JD249677,3916 W FULLERTON AVE,Chicago,2020-06-01,10:30 AM,WHITE HISPANIC,8-4-010(F)
19966021,25,JD249677,3916 W FULLERTON AVE,Chicago,2020-06-01,10:35 AM,WHITE,8-4-010(F)
19966090,37,JD249677,7050 S JEFFERY BLVD,Chicago,2020-06-01,12:30 PM,BLACK,8-4-010(F)
19966086,37,JD249677,7050 S JEFFERY BLVD,Chicago,2020-06-01,12:30 PM,BLACK,8-4-010(F)
19966085,25,JD249677,7050 S JEFFERY BLVD,Chicago,2020-06-01,12:30 PM,BLACK,8-4-010(F)
19966089,24,JD249677,7050 S JEFFERY BLVD,Chicago,2020-06-01,12:30 PM,BLACK,8-4-010(F)
19966087,21,JD249677,7050 S JEFFERY BLVD,Chicago,2020-06-01,12:30 PM,BLACK,8-4-010(F)
19966153,27,JD249677,2110 E 71ST ST,Chicago,2020-06-01,12:45 PM,BLACK,8-4-010(F)
19966134,26,JD249677,2110 E 71ST ST,Chicago,2020-06-01,12:45 PM,BLACK,8-4-010(F)
19966051,22,JD249677,2544 N NARRAGANSETT AVE,Chicago,2020-06-01,1:08 PM,BLACK,8-4-010(F)
19966052,22,JD249677,2544 N NARRAGANSETT AVE,Chicago,2020-06-01,1:08 PM,BLACK,8-4-010(F)
19966054,21,JD249677,6420 W FULLERTON AVE,Chicago,2020-06-01,1:14 PM,BLACK,8-4-010(F)
19966059,29,JD249677,598 E PERSHING RD,Chicago,2020-06-01,1:14 PM,BLACK,8-4-010(F)
19966065,22,JD249677,549 E PERSHING RD,Chicago,2020-06-01,1:14 PM,BLACK,8-4-010(F)
19966067,30,JD249677,549 E PERSHING RD,Chicago,2020-06-01,1:14 PM,BLACK,8-4-010(F)
19966056,21,JD249677,598 E PERSHING RD,Chicago,2020-06-01,1:14 PM,BLACK,8-4-010(F)
19966049,31,JD249677,2032 E 71ST ST,Chicago,2020-06-01,1:14 PM,BLACK,8-4-010(F)
19966073,25,JD249677,549 E PERSHING RD,Chicago,2020-06-01,1:14 PM,BLACK,8-4-010(F)
19966055,27,JD249677,598 E PERSHING RD,Chicago,2020-06-01,1:14 PM,BLACK,8-4-010(F)
19966082,19,JD249677,2118 W 95TH ST,Chicago,2020-06-01,1:15 PM,BLACK,8-4-010(F)
19966146,31,JD249677,7601 S CICERO AVE,Chicago,2020-06-01,1:55 PM,BLACK,8-4-010(F)
19966143,24,JD249677,7601 S CICERO AVE,Chicago,2020-06-01,1:55 PM,BLACK,8-4-010(F)
19966144,24,JD249677,7601 S CICERO AVE,Chicago,2020-06-01,1:55 PM,BLACK,8-4-010(F)
19966070,27,JD249677,810 W GARFIELD BLVD,Chicago,2020-06-01,2:10 PM,BLACK,8-4-010(F)
19966071,21,JD249677,810 W GARFIELD BLVD,Chicago,2020-06-01,2:10 PM,BLACK,8-4-010(F)
19966120,21,JD249677,7601 S CICERO AVE,Chicago,2020-06-01,3:15 PM,BLACK,8-4-010(F)
19966119,22,JD249677,7601 S CICERO AVE,Chicago,2020-06-01,3:15 PM,BLACK,8-4-010(F)
19966163,27,JD249677,901 E 47TH ST,Chicago,2020-06-01,3:46 PM,BLACK,8-4-010(F)
19966214,19,JD248566,5101 S CICERO AVE,Chicago,2020-06-01,4:00 PM,BLACK,8-4-010(F)
19966159,27,JD249677,4650 S DAMEN AVE,Chicago,2020-06-01,4:00 PM,BLACK,8-4-010(F)
19966125,22,JD249677,4630 S DAMEN AVE,Chicago,2020-06-01,4:00 PM,WHITE HISPANIC,8-4-010(F)
19966150,26,JD249677,4650 S DAMEN AVE,Chicago,2020-06-01,4:00 PM,BLACK,8-4-010(F)
19966139,23,JD249677,4650 S DAMEN AVE,Chicago,2020-06-01,4:00 PM,BLACK,8-4-010(F)
19966124,24,JD249677,4630 S DAMEN AVE,Chicago,2020-06-01,4:00 PM,WHITE HISPANIC,8-4-010(F)
19966206,21,JD248566,5101 S CICERO AVE,Chicago,2020-06-01,4:00 PM,BLACK,8-4-010(F)
19966140,26,JD249677,4650 S DAMEN AVE,Chicago,2020-06-01,4:00 PM,WHITE HISPANIC,8-4-010(F)
19966136,30,JD249677,750 E 75TH ST,Chicago,2020-06-01,4:20 PM,BLACK,8-4-010(F)
19966132,33,JD248566,66 E 103RD ST,Chicago,2020-06-01,4:25 PM,BLACK,8-4-010(F)
19966215,27,JD248566,66 E 103RD ST,Chicago,2020-06-01,4:25 PM,BLACK,8-4-010(F)
19966192,39,JD248566,1221 W 95TH ST,Chicago,2020-06-01,4:43 PM,BLACK,8-4-010(F)
19966216,38,JD248566,1221 W 95TH ST,Chicago,2020-06-01,4:43 PM,BLACK,8-4-010(F)
19966210,29,JD248566,1221 W 95TH ST,Chicago,2020-06-01,4:43 PM,BLACK,8-4-010(F)
19966166,25,JD249677,901 E 47TH ST,Chicago,2020-06-01,4:46 PM,BLACK,8-4-010(F)
19966160,39,JD249677,1559 N CICERO AVE,Chicago,2020-06-01,5:29 PM,BLACK,8-4-010(F)
19966286,35,JD249677,122 W 79TH ST,Chicago,2020-06-01,5:30 PM,BLACK,8-4-010(F)
19966220,24,JD249677,122 W 79TH ST,Chicago,2020-06-01,5:30 PM,BLACK,8-4-010(F)
19966306,20,JD249677,7740 S KNOX AVE,Chicago,2020-06-01,6:00 PM,BLACK,8-4-010(F)
19966304,28,JD249677,7740 S KNOX AVE,Chicago,2020-06-01,6:00 PM,BLACK,8-4-010(F)
19966234,19,JD249677,3934 W DIVERSEY AVE,Chicago,2020-06-01,7:05 PM,BLACK,8-4-010(F)
19966236,24,JD249677,3934 W DIVERSEY AVE,Chicago,2020-06-01,7:05 PM,BLACK,8-4-010(F)
19966212,31,JD249677,5469 W NORTH AVE,Chicago,2020-06-01,7:05 PM,BLACK,8-4-010(F)
19966207,22,JD249677,5469 W NORTH AVE,Chicago,2020-06-01,7:05 PM,BLACK,8-4-010(F)
19966213,25,JD249677,5469 W NORTH AVE,Chicago,2020-06-01,7:05 PM,BLACK,8-4-010(F)
19966237,20,JD249677,3934 W DIVERSEY AVE,Chicago,2020-06-01,7:05 PM,BLACK,8-4-010(F)
19966201,24,JD249677,5469 W NORTH AVE,Chicago,2020-06-01,7:05 PM,BLACK,8-4-010(F)
19966208,34,JD249677,5469 W NORTH AVE,Chicago,2020-06-01,7:05 PM,BLACK,8-4-010(F)
19966241,19,JD249677,3934 W DIVERSEY AVE,Chicago,2020-06-01,7:05 PM,BLACK,8-4-010(F)
19966218,24,JD249677,5469 W NORTH AVE,Chicago,2020-06-01,7:05 PM,BLACK,8-4-010(F)
19966240,18,JD249677,3934 W DIVERSEY AVE,Chicago,2020-06-01,7:05 PM,BLACK,8-4-010(F)
19966272,38,JD249677,5523 W DIVISION ST,Chicago,2020-06-01,8:00 PM,BLACK,8-4-010(F)
19966270,31,JD250267,4009 W CULLOM AVE,Chicago,2020-06-01,8:11 PM,BLACK,8-4-010(F)
19966320,27,JD249677,1647 W 75TH PL,Chicago,2020-06-01,8:29 PM,BLACK,8-4-010(F)
19966313,25,JD249677,1647 W 75TH PL,Chicago,2020-06-01,8:36 PM,BLACK,8-4-010(F)
19966303,30,JD249677,112 W 87TH ST,Chicago,2020-06-01,8:55 PM,BLACK,8-4-010(F)
19966331,20,JD249677,112 W 87TH ST,Chicago,2020-06-01,8:55 PM,BLACK,8-4-010(F)
19966325,18,JD249677,112 W 87TH ST,Chicago,2020-06-01,8:55 PM,BLACK,8-4-010(F)
19966297,22,JD249677,4818 W NORTH AVE,Chicago,2020-06-01,8:57 PM,BLACK,8-4-010(F)
19966300,27,JD249677,4818 W NORTH AVE,Chicago,2020-06-01,8:57 PM,BLACK,8-4-010(F)
19966354,35,JD249677,4610 N RACINE AVE,Chicago,2020-06-01,9:10 PM,BLACK,8-4-010(F)
19966362,24,JD249677,1120 W WILSON AVE,Chicago,2020-06-01,9:10 PM,WHITE,8-4-010(F)
19966334,30,JD249677,1138 W WILSON AVE,Chicago,2020-06-01,9:29 PM,BLACK,8-4-010(F)
19966333,23,JD249677,1656 W IRVING PARK RD,Chicago,2020-06-01,9:37 PM,BLACK,8-4-010(F)
19966340,19,JD249677,1656 W IRVING PARK RD,Chicago,2020-06-01,9:37 PM,BLACK,8-4-010(F)
19966356,21,JD249677,1656 W IRVING PARK RD,Chicago,2020-06-01,9:37 PM,BLACK,8-4-010(F)
19966366,42,JD249677,8201 S RACINE AVE,Chicago,2020-06-01,10:20 PM,BLACK,8-4-010(F)
19966422,25,JD249677,3900 N BROADWAY,Chicago,2020-06-01,10:30 PM,BLACK,8-4-010(F)
19966382,30,JD249677,954 W MONTROSE AVE,Chicago,2020-06-01,10:30 PM,BLACK,8-4-010(F)
19966380,28,JD249677,954 W MONTROSE AVE,Chicago,2020-06-01,10:40 PM,BLACK,8-4-010(F)
19966406,28,JD249677,3900 N BROADWAY,Chicago,2020-06-01,10:40 PM,BLACK,8-4-010(F)
19966371,25,JD249677,3900 N BROADWAY,Chicago,2020-06-01,10:40 PM,BLACK,8-4-010(F)
19966346,28,JD249677,4748 W NORTH AVE,Chicago,2020-06-01,10:42 PM,BLACK,8-4-010(F)
19966418,33,JD249677,4700 S MICHIGAN AVE,Chicago,2020-06-01,,BLACK,8-4-010(F)
19966407,31,JD249677,4700 S MICHIGAN AVE,Chicago,2020-06-01,10:56 PM,BLACK,8-4-010(F)
19966438,22,JD249677,2100 N ELSTON AVE,Chicago,2020-06-01,11:50 PM,BLACK,8-4-010(F)
19966447,19,JD249677,2100 N ELSTON AVE,Chicago,2020-06-01,11:50 PM,BLACK,8-4-010(F)
19966440,27,JD249677,2100 N ELSTON AVE,Chicago,2020-06-01,11:50 PM,BLACK,8-4-010(F)
19966473,38,JD249677,1940 W 33RD ST,Chicago,2020-06-01,11:50 PM,BLACK,8-4-010(F)
19966441,21,JD249677,2100 N ELSTON AVE,Chicago,2020-06-01,11:50 PM,BLACK,8-4-010(F)
19966448,21,JD249677,2100 N ELSTON AVE,Chicago,2020-06-01,11:50 PM,BLACK,8-4-010(F)
19966471,18,JD249677,1940 W 33RD ST,Chicago,2020-06-01,11:50 PM,BLACK,8-4-010(F)
19966435,23,JD249677,2100 N ELSTON AVE,Chicago,2020-06-01,11:50 PM,BLACK,8-4-010(F)
19966488,27,JD250527,4042 W MADISON ST,Chicago,2020-06-02,12:33 AM,BLACK,8-4-010(F)
19966509,28,JD249677,205 W 87TH ST,Chicago,2020-06-02,12:03 AM,BLACK,8-4-010(F)
19966470,33,JD249677,4912 W FLOURNOY ST,Chicago,2020-06-02,12:05 AM,BLACK,8-4-010(F)
19966480,31,JD249677,4912 W FLOURNOY ST,Chicago,2020-06-02,12:05 AM,BLACK,8-4-010(F)
19966486,38,JD249677,4912 W FLOURNOY ST,Chicago,2020-06-02,12:05 AM,BLACK,8-4-010(F)
19966457,27,JD249677,4912 W FLOURNOY ST,Chicago,2020-06-02,12:05 AM,BLACK,8-4-010(F)
19966429,35,JD249677,7930 S LA SALLE ST,Chicago,2020-06-02,12:05 AM,BLACK,8-4-010(F)
19966482,49,JD249677,4912 W FLOURNOY ST,Chicago,2020-06-02,12:05 AM,BLACK,8-4-010(F)
19966468,26,JD249677,150 W 87TH ST,Chicago,2020-06-02,12:15 AM,BLACK,8-4-010(F)
19966511,32,JD249677,3950 W WASHINGTON BLVD,Chicago,2020-06-02,12:16 AM,BLACK,8-4-010(F)
19966506,26,JD249677,3950 W MADISON ST,Chicago,2020-06-02,12:16 AM,BLACK,8-4-010(F)
19966492,37,JD249677,3950 W WASHINGTON BLVD,Chicago,2020-06-02,12:16 AM,BLACK,8-4-010(F)
19966505,37,JD249677,3950 W MADISON ST,Chicago,2020-06-02,12:16 AM,BLACK,8-4-010(F)
19966478,36,JD249677,4912 W FLOURNOY ST,Chicago,2020-06-02,12:22 AM,BLACK,8-4-010(F)
19966475,36,JD250527,4042 W MADISON ST,Chicago,2020-06-02,12:33 AM,BLACK,8-4-010(F)
19966497,27,JD249677,3950 W WASHINGTON BLVD,Chicago,2020-06-02,12:50 AM,BLACK,8-4-010(F)
19966496,46,JD249677,3950 W WASHINGTON BLVD,Chicago,2020-06-02,12:50 AM,BLACK,8-4-010(F)
19966504,36,JD249677,3950 W WASHINGTON BLVD,Chicago,2020-06-02,12:50 AM,BLACK,8-4-010(F)
19966525,32,,233 W 87TH ST,Chicago,2020-06-02,1:03 AM,BLACK,8-4-010(F)
19966512,29,JD249677,3931 W MADISON ST,Chicago,2020-06-02,1:40 AM,BLACK,8-4-010(F)
19966519,24,JD249677,3931 W MADISON ST,Chicago,2020-06-02,1:40 AM,BLACK,8-4-010(F)
19966518,40,JD249677,4609 S ASHLAND AVE,Chicago,2020-06-02,1:45 AM,BLACK,8-4-010(F)
19966528,30,JD249677,4912 W FLOURNOY ST,Chicago,2020-06-02,1:49 AM,BLACK,8-4-010(F)
19966522,24,JD249677,4912 W FLOURNOY ST,Chicago,2020-06-02,1:49 AM,BLACK,8-4-010(F)
19966532,21,JD249677,2098 W 31ST PL,Chicago,2020-06-02,2:12 AM,BLACK,8-4-010(F)
19966526,22,JD249677,2098 W 31ST PL,Chicago,2020-06-02,2:12 AM,BLACK,8-4-010(F)
19966524,30,JD249677,2098 W 31ST PL,Chicago,2020-06-02,2:12 AM,BLACK,8-4-010(F)
19966562,23,JD248566,841 W 115TH ST,Chicago,2020-06-02,2:18 AM,BLACK,8-4-010(F)
19966560,28,JD248566,841 W 115TH ST,Chicago,2020-06-02,2:18 AM,BLACK,8-4-010(F)
19966574,24,JD250633,2224 W MARQUETTE RD,Chicago,2020-06-02,3:05 AM,WHITE HISPANIC,8-4-010(F)
19966570,25,JD249677,205 W 87TH ST,Chicago,2020-06-02,4:38 AM,BLACK,8-4-010(F)
19966650,21,JD250776,122 W 79TH ST,Chicago,2020-06-02,11:30 AM,BLACK,8-4-010(F)
19966617,18,JD250776,122 W 79TH ST,Chicago,2020-06-02,11:30 AM,BLACK,8-4-010(F)
19966644,21,,122 W 79TH ST,Chicago,2020-06-02,11:30 AM,BLACK,8-4-010(F)
19966659,37,JD250776,122 W 79TH ST,Chicago,2020-06-02,11:30 AM,BLACK,8-4-010(F)
19966607,18,JD250776,122 W 79TH ST,Chicago,2020-06-02,11:30 AM,BLACK,8-4-010(F)
19966655,23,JD250776,122 W 79TH ST,Chicago,2020-06-02,11:30 AM,BLACK,8-4-010(F)
19966621,34,JD250776,6202 S WESTERN AVE,Chicago,2020-06-02,12:30 PM,BLACK,8-4-010(F)
19966609,55,JD248566,1627 N PULASKI RD,Chicago,2020-06-02,12:54 PM,BLACK,8-4-010(F)
19966657,33,JD250776,4625 S PULASKI RD,Chicago,2020-06-02,1:36 PM,BLACK,8-4-010(F)
19966646,42,JD250776,1360 N PULASKI RD,Chicago,2020-06-02,2:43 PM,WHITE HISPANIC,8-4-010(F)
19966656,40,JD250776,1360 N PULASKI RD,Chicago,2020-06-02,3:00 PM,WHITE HISPANIC,8-4-010(F)
19966675,38,JD250776,8517 S COTTAGE GROVE AVE,Chicago,2020-06-02,3:42 PM,BLACK,8-4-010(F)
19966771,36,JD250776,501 E 79TH ST,Chicago,2020-06-02,8:09 PM,BLACK,8-4-010(F)
19966759,38,JD250776,501 E 79TH ST,Chicago,2020-06-02,8:09 PM,BLACK,8-4-010(F)
19966790,31,JD250776,502 E 79TH ST,Chicago,2020-06-02,8:39 PM,BLACK,8-4-010(F)
19966801,47,JD250776,5036 S COTTAGE GROVE AVE,Chicago,2020-06-02,9:00 PM,BLACK,8-4-010(F)
19966803,35,JD250776,5030 S COTTAGE GROVE AVE,Chicago,2020-06-02,9:00 PM,BLACK,8-4-010(F)
19966798,56,JD250776,8610 S COTTAGE GROVE AVE,Chicago,2020-06-02,9:10 PM,BLACK,8-4-010(F)
19983979,28,JD326718,900 N MICHIGAN AVE,Chicago,2020-08-09,4:10 AM,BLACK,8-4-010(F)
19983945,29,JD326718,43 E GRAND AVE,Chicago,2020-08-10,3:00 AM,BLACK,8-4-010(F)
19983933,21,JD326718,59 N WABASH AVE,Chicago,2020-08-10,5:48 AM,BLACK,8-4-010(F)
19983952,36,JD326718,55 E GRAND AVE,Chicago,2020-08-10,2:28 AM,BLACK,8-4-010(F)
19983969,30,JD326718,55 E GRAND AVE,Chicago,2020-08-10,2:30 AM,BLACK,8-4-010(F)
19983930,29,JD326718,43 E GRAND AVE,Chicago,2020-08-10,3:00 AM,BLACK,8-4-010(F)
19983939,59,JD326718,43 E GRAND AVE,Chicago,2020-08-10,3:00 AM,BLACK,8-4-010(F)
19983961,24,JD326718,43 E GRAND AVE,Chicago,2020-08-10,3:00 AM,BLACK,8-4-010(F)
19983998,19,JD326718,900 N MICHIGAN AVE,Chicago,2020-08-10,4:10 AM,BLACK,8-4-010(F)
19983994,19,JD326718,900 N MICHIGAN AVE,Chicago,2020-08-10,4:10 AM,BLACK,8-4-010(F)
19983959,18,JD326718,1 W RANDOLPH ST,Chicago,2020-08-10,4:25 AM,BLACK,8-4-010(F)
19983940,18,JD326718,1 W RANDOLPH ST,Chicago,2020-08-10,4:30 AM,BLACK,8-4-010(F)
19983957,24,JD326718,1 S STATE ST,Chicago,2020-08-10,4:30 AM,BLACK,8-4-010(F)
19983950,20,JD326718,1 W RANDOLPH ST,Chicago,2020-08-10,4:30 AM,BLACK,8-4-010(F)
19983990,27,JD326718,21 E RANDOLPH ST,Chicago,2020-08-10,4:32 AM,BLACK,8-4-010(F)
19983988,20,JD326718,108 N STATE ST,Chicago,2020-08-10,4:37 AM,BLACK,8-4-010(F)
19983986,20,JD326718,900 N MICHIGAN AVE,Chicago,2020-08-10,4:55 AM,BLACK,8-4-010(F)
19983975,18,JD326718,9 E HURON ST,Chicago,2020-08-10,5:00 AM,BLACK,8-4-010(F)
19983991,26,JD326718,14 N WABASH AVE,Chicago,2020-08-10,5:48 AM,BLACK,8-4-010(F)
19983956,22,JD326718,55 E GRAND AVE,Chicago,2020-08-10,7:38 AM,BLACK,8-4-010(F)
19983931,36,JD326718,55 E GRAND AVE,Chicago,2020-08-10,7:38 AM,BLACK,8-4-010(F)
19983948,40,JD326718,55 E GRAND AVE,Chicago,2020-08-10,7:38 AM,BLACK,8-4-010(F)
19983955,27,JD326718,55 E GRAND AVE,Chicago,2020-08-10,7:38 AM,BLACK,8-4-010(F)
